{
  "Main": {
    "filter": {},
    "items": [
      "Name",
      "Country",
      "City",
      "SDSBusinessSupport",
      "SDS2ndLevelSupport",
      "SDS3rdLevelSupport",
      "SDSExpert"
    ]
  },
  "Details": {
    "filter": {},
    "items": [
      "Name",
      "Country",
      "City",
      "SDS2ndLevelSupport",
      "SDS3rdLevelSupport",
      "SDSExpert",
      "SDSBusinessSupport",
      "SDS2ndLevelSupport4pa",
      "SDS3rdLevelSupport4pa",
      "MyServicesSDSSupport",
      "MyServicesSDSManager",
      "emailaddress"
    ]
  }
}
