VLAN,misc,ip-address,
SNETBIB10_VLAN_2822_via_1189,nexthop,ip-address,10.160.57.17
SNETBIB10_VLAN_2822_via_1189,bfd,profile,None
SNETBIB10_VLAN_2822_via_1189,path-monitor,enable,no
SNETBIB10_VLAN_2822_via_1189,path-monitor,failure-condition,any
SNETBIB10_VLAN_2822_via_1189,path-monitor,hold-time,2
SNETBIB10_VLAN_2822_via_1189,interface,ethernet1/22.1,
SNETBIB10_VLAN_2822_via_1189,metric,10,
SNETBIB10_VLAN_2822_via_1189,admin-dist,10,
SNETBIB10_VLAN_2822_via_1189,destination,10.166.181.192/27,
SNETBIB12_VLAN_3183_via_1188,nexthop,ip-address,10.160.57.1
SNETBIB12_VLAN_3183_via_1188,bfd,profile,None
SNETBIB12_VLAN_3183_via_1188,path-monitor,enable,no
SNETBIB12_VLAN_3183_via_1188,path-monitor,failure-condition,any
SNETBIB12_VLAN_3183_via_1188,path-monitor,hold-time,2
SNETBIB12_VLAN_3183_via_1188,interface,ethernet1/22.2,
SNETBIB12_VLAN_3183_via_1188,metric,10,
SNETBIB12_VLAN_3183_via_1188,admin-dist,10,
SNETBIB10_VLAN_3145_via_1189,destination,10.160.116.32/27,
SNETBIB12_VLAN_3183_via_1188,route-table,unicast,
SNETBIB14_VLAN_3080_via_1192,nexthop,ip-address,10.160.57.65
SNETBIB14_VLAN_3080_via_1192,bfd,profile,None
SNETBIB14_VLAN_3080_via_1192,path-monitor,enable,no
SNETBIB14_VLAN_3080_via_1192,path-monitor,failure-condition,any
SNETBIB14_VLAN_3080_via_1192,path-monitor,hold-time,2
SNETBIB14_VLAN_3080_via_1192,interface,ethernet1/22.3,
SNETBIB14_VLAN_3080_via_1192,metric,10,
SNETBIB14_VLAN_3080_via_1192,admin-dist,10,
SNETBIB100_VLAN_3204_via_1405,destination,10.160.70.0/24,
SNETBIB15_VLAN_2918_via_1193,nexthop,ip-address,10.160.57.81
SNETBIB15_VLAN_2918_via_1193,bfd,profile,None
SNETBIB15_VLAN_2918_via_1193,path-monitor,enable,no
SNETBIB15_VLAN_2918_via_1193,path-monitor,failure-condition,any
SNETBIB15_VLAN_2918_via_1193,path-monitor,hold-time,2
SNETBIB15_VLAN_2918_via_1193,interface,ethernet1/22.4,
SNETBIB15_VLAN_2918_via_1193,metric,10,
SNETBIB15_VLAN_2918_via_1193,admin-dist,10,
SNETBIB102_VLAN_1408_via_1409,destination,10.160.72.0/26,
SNETBIB16_VLAN_3081_via_1194,nexthop,ip-address,10.160.57.97
SNETBIB16_VLAN_3081_via_1194,bfd,profile,None
SNETBIB16_VLAN_3081_via_1194,path-monitor,enable,no
SNETBIB16_VLAN_3081_via_1194,path-monitor,failure-condition,any
SNETBIB16_VLAN_3081_via_1194,path-monitor,hold-time,2
SNETBIB16_VLAN_3081_via_1194,interface,ethernet1/22.5,
SNETBIB16_VLAN_3081_via_1194,metric,10,
SNETBIB16_VLAN_3081_via_1194,admin-dist,10,
SNETBIB103_VLAN_22_via_1410test,destination,148.192.22.0/26,
SNETBIB16_VLAN_3082_via_1194,nexthop,ip-address,10.160.57.97
SNETBIB16_VLAN_3082_via_1194,bfd,profile,None
SNETBIB16_VLAN_3082_via_1194,path-monitor,enable,no
SNETBIB16_VLAN_3082_via_1194,path-monitor,failure-condition,any
SNETBIB16_VLAN_3082_via_1194,path-monitor,hold-time,2
SNETBIB16_VLAN_3082_via_1194,interface,ethernet1/22.5,
SNETBIB16_VLAN_3082_via_1194,metric,10,
SNETBIB16_VLAN_3082_via_1194,admin-dist,10,
SNETBIB103_VLAN_23_via_1410,destination,148.192.23.0/24,
SNETBIB18_VLAN_28_via_1196,nexthop,ip-address,10.160.57.129
SNETBIB18_VLAN_28_via_1196,bfd,profile,None
SNETBIB18_VLAN_28_via_1196,path-monitor,enable,no
SNETBIB18_VLAN_28_via_1196,path-monitor,failure-condition,any
SNETBIB18_VLAN_28_via_1196,path-monitor,hold-time,2
SNETBIB18_VLAN_28_via_1196,interface,ethernet1/22.6,
SNETBIB18_VLAN_28_via_1196,metric,10,
SNETBIB18_VLAN_28_via_1196,admin-dist,10,
SNETBIB104_VLAN3207_via_1411,destination,10.167.222.0/24,
SNETBIB19_VLAN_3501_via_1197,nexthop,ip-address,10.160.57.145
SNETBIB19_VLAN_3501_via_1197,bfd,profile,None
SNETBIB19_VLAN_3501_via_1197,path-monitor,enable,no
SNETBIB19_VLAN_3501_via_1197,path-monitor,failure-condition,any
SNETBIB19_VLAN_3501_via_1197,path-monitor,hold-time,2
SNETBIB19_VLAN_3501_via_1197,interface,ethernet1/22.7,
SNETBIB19_VLAN_3501_via_1197,metric,10,
SNETBIB19_VLAN_3501_via_1197,admin-dist,10,
SNETBIB104_VLAN3212_via_1411,destination,10.167.225.0/26,
SNETBIB20_VLAN_3124_via_1198,nexthop,ip-address,10.160.57.161
SNETBIB20_VLAN_3124_via_1198,bfd,profile,None
SNETBIB20_VLAN_3124_via_1198,path-monitor,enable,no
SNETBIB20_VLAN_3124_via_1198,path-monitor,failure-condition,any
SNETBIB20_VLAN_3124_via_1198,path-monitor,hold-time,2
SNETBIB20_VLAN_3124_via_1198,interface,ethernet1/22.8,
SNETBIB20_VLAN_3124_via_1198,metric,10,
SNETBIB20_VLAN_3124_via_1198,admin-dist,10,
SNETBIB105_VLAN3208_via_1412,destination,10.167.223.0/25,
SNETBIB21_VLAN_3125_via_1199,nexthop,ip-address,10.160.57.177
SNETBIB21_VLAN_3125_via_1199,bfd,profile,None
SNETBIB21_VLAN_3125_via_1199,path-monitor,enable,no
SNETBIB21_VLAN_3125_via_1199,path-monitor,failure-condition,any
SNETBIB21_VLAN_3125_via_1199,path-monitor,hold-time,2
SNETBIB21_VLAN_3125_via_1199,interface,ethernet1/22.9,
SNETBIB21_VLAN_3125_via_1199,metric,10,
SNETBIB21_VLAN_3125_via_1199,admin-dist,10,
SNETBIB106_VLAN3209_via_1413,destination,10.160.72.64/26,
SNETBIB22_VLAN_3126_via_1200,nexthop,ip-address,10.160.57.193
SNETBIB22_VLAN_3126_via_1200,bfd,profile,None
SNETBIB22_VLAN_3126_via_1200,path-monitor,enable,no
SNETBIB22_VLAN_3126_via_1200,path-monitor,failure-condition,any
SNETBIB22_VLAN_3126_via_1200,path-monitor,hold-time,2
SNETBIB22_VLAN_3126_via_1200,interface,ethernet1/22.10,
SNETBIB22_VLAN_3126_via_1200,metric,10,
SNETBIB22_VLAN_3126_via_1200,admin-dist,10,
SNETBIB107_VLAN_3210_via_1414,destination,10.160.72.128/26,
SNETBIB24_VLAN_3128_via_1202,nexthop,ip-address,10.160.57.225
SNETBIB24_VLAN_3128_via_1202,bfd,profile,None
SNETBIB24_VLAN_3128_via_1202,path-monitor,enable,no
SNETBIB24_VLAN_3128_via_1202,path-monitor,failure-condition,any
SNETBIB24_VLAN_3128_via_1202,path-monitor,hold-time,2
SNETBIB24_VLAN_3128_via_1202,interface,ethernet1/22.11,
SNETBIB24_VLAN_3128_via_1202,metric,10,
SNETBIB24_VLAN_3128_via_1202,admin-dist,10,
SNETBIB107_VLAN_3213_via_1414,destination,10.167.226.0/26,
SNETBIB26_VLAN_3130_via_1204,nexthop,ip-address,10.160.58.1
SNETBIB26_VLAN_3130_via_1204,bfd,profile,None
SNETBIB26_VLAN_3130_via_1204,path-monitor,enable,no
SNETBIB26_VLAN_3130_via_1204,path-monitor,failure-condition,any
SNETBIB26_VLAN_3130_via_1204,path-monitor,hold-time,2
SNETBIB26_VLAN_3130_via_1204,interface,ethernet1/22.12,
SNETBIB26_VLAN_3130_via_1204,metric,10,
SNETBIB26_VLAN_3130_via_1204,admin-dist,10,
SNETBIB108_VLAN_3215_via_1415,destination,10.167.227.0/27,
SNETBIB28_VLAN_3132_via_1206,nexthop,ip-address,10.160.58.33
SNETBIB28_VLAN_3132_via_1206,bfd,profile,None
SNETBIB28_VLAN_3132_via_1206,path-monitor,enable,no
SNETBIB28_VLAN_3132_via_1206,path-monitor,failure-condition,any
SNETBIB28_VLAN_3132_via_1206,path-monitor,hold-time,2
SNETBIB28_VLAN_3132_via_1206,interface,ethernet1/22.13,
SNETBIB28_VLAN_3132_via_1206,metric,10,
SNETBIB28_VLAN_3132_via_1206,admin-dist,10,
SNETBIB109_VLAN_3216_via_1416,destination,10.164.53.0/24,
SNETBIB30_VLAN_3134_via_1208,nexthop,ip-address,10.160.58.65
SNETBIB30_VLAN_3134_via_1208,bfd,profile,None
SNETBIB30_VLAN_3134_via_1208,path-monitor,enable,no
SNETBIB30_VLAN_3134_via_1208,path-monitor,failure-condition,any
SNETBIB30_VLAN_3134_via_1208,path-monitor,hold-time,2
SNETBIB30_VLAN_3134_via_1208,interface,ethernet1/22.14,
SNETBIB30_VLAN_3134_via_1208,metric,10,
SNETBIB30_VLAN_3134_via_1208,admin-dist,10,
SNETBIB110_VLAN_3217_via_1417,destination,10.164.54.0/24,
SNETBIB50_VLAN_257_via_1228,nexthop,ip-address,10.160.59.129
SNETBIB50_VLAN_257_via_1228,bfd,profile,None
SNETBIB50_VLAN_257_via_1228,path-monitor,enable,no
SNETBIB50_VLAN_257_via_1228,path-monitor,failure-condition,any
SNETBIB50_VLAN_257_via_1228,path-monitor,hold-time,2
SNETBIB50_VLAN_257_via_1228,interface,ethernet1/22.15,
SNETBIB50_VLAN_257_via_1228,metric,10,
SNETBIB50_VLAN_257_via_1228,admin-dist,10,
SNETBIB111_VLAN_234_via_1418,destination,148.192.234.0/24,
SNETBIB51_VLAN_3154_via_1229,nexthop,ip-address,10.160.59.145
SNETBIB51_VLAN_3154_via_1229,bfd,profile,None
SNETBIB51_VLAN_3154_via_1229,path-monitor,enable,no
SNETBIB51_VLAN_3154_via_1229,path-monitor,failure-condition,any
SNETBIB51_VLAN_3154_via_1229,path-monitor,hold-time,2
SNETBIB51_VLAN_3154_via_1229,interface,ethernet1/22.16,
SNETBIB51_VLAN_3154_via_1229,metric,10,
SNETBIB51_VLAN_3154_via_1229,admin-dist,10,
SNETBIB111_VLAN_3274_via_1418,destination,10.160.123.192/26,
SNETBIB52_VLAN_3155_via_1231,nexthop,ip-address,10.160.59.177
SNETBIB52_VLAN_3155_via_1231,bfd,profile,None
SNETBIB52_VLAN_3155_via_1231,path-monitor,enable,no
SNETBIB52_VLAN_3155_via_1231,path-monitor,failure-condition,any
SNETBIB52_VLAN_3155_via_1231,path-monitor,hold-time,2
SNETBIB52_VLAN_3155_via_1231,interface,ethernet1/22.17,
SNETBIB52_VLAN_3155_via_1231,metric,10,
SNETBIB52_VLAN_3155_via_1231,admin-dist,10,
SNETBIB112_PLS_G104 _via_1419,destination,148.192.232.0/23,
SNETBIB54_VLAN_127_via_1233,nexthop,ip-address,10.160.59.209
SNETBIB54_VLAN_127_via_1233,bfd,profile,None
SNETBIB54_VLAN_127_via_1233,path-monitor,enable,no
SNETBIB54_VLAN_127_via_1233,path-monitor,failure-condition,any
SNETBIB54_VLAN_127_via_1233,path-monitor,hold-time,2
SNETBIB54_VLAN_127_via_1233,interface,ethernet1/22.19,
SNETBIB54_VLAN_127_via_1233,metric,10,
SNETBIB54_VLAN_127_via_1233,admin-dist,10,
SNETBIB113_PLS_H84_1_via_1420,destination,10.0.0.0/24,
SNETBIB55_VLAN_3157_via_1234,nexthop,ip-address,10.160.59.225
SNETBIB55_VLAN_3157_via_1234,bfd,profile,None
SNETBIB55_VLAN_3157_via_1234,path-monitor,enable,no
SNETBIB55_VLAN_3157_via_1234,path-monitor,failure-condition,any
SNETBIB55_VLAN_3157_via_1234,path-monitor,hold-time,2
SNETBIB55_VLAN_3157_via_1234,interface,ethernet1/22.20,
SNETBIB55_VLAN_3157_via_1234,metric,10,
SNETBIB55_VLAN_3157_via_1234,admin-dist,10,
SNETBIB113_PLS_H84_2_via_1420,destination,10.0.8.0/24,
SNETBIB56_VLAN_3158_via_1360,nexthop,ip-address,10.160.60.1
SNETBIB56_VLAN_3158_via_1360,bfd,profile,None
SNETBIB56_VLAN_3158_via_1360,path-monitor,enable,no
SNETBIB56_VLAN_3158_via_1360,path-monitor,failure-condition,any
SNETBIB56_VLAN_3158_via_1360,path-monitor,hold-time,2
SNETBIB56_VLAN_3158_via_1360,interface,ethernet1/22.21,
SNETBIB56_VLAN_3158_via_1360,metric,10,
SNETBIB56_VLAN_3158_via_1360,admin-dist,10,
SNETBIB113_PLS_H84_3_via_1420,destination,10.0.1.0/24,
SNETBIB57_VLAN_149_via_1361,nexthop,ip-address,10.160.60.17
SNETBIB57_VLAN_149_via_1361,bfd,profile,None
SNETBIB57_VLAN_149_via_1361,path-monitor,enable,no
SNETBIB57_VLAN_149_via_1361,path-monitor,failure-condition,any
SNETBIB57_VLAN_149_via_1361,path-monitor,hold-time,2
SNETBIB57_VLAN_149_via_1361,interface,ethernet1/22.22,
SNETBIB57_VLAN_149_via_1361,metric,10,
SNETBIB57_VLAN_149_via_1361,admin-dist,10,
SNETBIB113_PLS_H84_via_1420,destination,148.192.224.0/23,
SNETBIB58_VLAN_150_via1362,nexthop,ip-address,10.160.60.33
SNETBIB58_VLAN_150_via1362,bfd,profile,None
SNETBIB58_VLAN_150_via1362,path-monitor,enable,no
SNETBIB58_VLAN_150_via1362,path-monitor,failure-condition,any
SNETBIB58_VLAN_150_via1362,path-monitor,hold-time,2
SNETBIB58_VLAN_150_via1362,interface,ethernet1/22.23,
SNETBIB58_VLAN_150_via1362,metric,10,
SNETBIB58_VLAN_150_via1362,admin-dist,10,
SNETBIB114_ PLS_G85_1_via_1421,destination,10.9.1.0/24,
SNETBIB53_VLAN_3156_via_1232,nexthop,ip-address,10.160.59.193
SNETBIB53_VLAN_3156_via_1232,bfd,profile,None
SNETBIB53_VLAN_3156_via_1232,path-monitor,enable,no
SNETBIB53_VLAN_3156_via_1232,path-monitor,failure-condition,any
SNETBIB53_VLAN_3156_via_1232,path-monitor,hold-time,2
SNETBIB53_VLAN_3156_via_1232,interface,ethernet1/22.18,
SNETBIB53_VLAN_3156_via_1232,metric,10,
SNETBIB53_VLAN_3156_via_1232,admin-dist,10,
SNETBIB114_ PLS_G85_via_1421,destination,148.192.226.0/24,
SNETBIB34_VLAN_3138_via_1212,nexthop,ip-address,10.160.58.129
SNETBIB34_VLAN_3138_via_1212,bfd,profile,None
SNETBIB34_VLAN_3138_via_1212,path-monitor,enable,no
SNETBIB34_VLAN_3138_via_1212,path-monitor,failure-condition,any
SNETBIB34_VLAN_3138_via_1212,path-monitor,hold-time,2
SNETBIB34_VLAN_3138_via_1212,interface,ethernet1/22.24,
SNETBIB34_VLAN_3138_via_1212,metric,10,
SNETBIB34_VLAN_3138_via_1212,admin-dist,10,
SNETBIB115_VLAN_3222_via_1422,destination,10.167.221.192/27,
SNETBIB32_VLAN_3136_via_1210,nexthop,ip-address,10.160.58.97
SNETBIB32_VLAN_3136_via_1210,bfd,profile,None
SNETBIB32_VLAN_3136_via_1210,path-monitor,enable,no
SNETBIB32_VLAN_3136_via_1210,path-monitor,failure-condition,any
SNETBIB32_VLAN_3136_via_1210,path-monitor,hold-time,2
SNETBIB32_VLAN_3136_via_1210,interface,ethernet1/22.25,
SNETBIB32_VLAN_3136_via_1210,metric,10,
SNETBIB32_VLAN_3136_via_1210,admin-dist,10,
SNETBIB115_VLAN_3233_via_1422,destination,10.167.221.224/27,
SNETBIB42_VLAN_3146_via_1220,nexthop,ip-address,10.160.59.1
SNETBIB42_VLAN_3146_via_1220,bfd,profile,None
SNETBIB42_VLAN_3146_via_1220,path-monitor,enable,no
SNETBIB42_VLAN_3146_via_1220,path-monitor,failure-condition,any
SNETBIB42_VLAN_3146_via_1220,path-monitor,hold-time,2
SNETBIB42_VLAN_3146_via_1220,interface,ethernet1/22.26,
SNETBIB42_VLAN_3146_via_1220,metric,10,
SNETBIB42_VLAN_3146_via_1220,admin-dist,10,
SNETBIB116_VLAN_3223_via_1423,destination,10.167.228.0/22,
SNETBIB60_VLAN_3159_via_1364,nexthop,ip-address,10.160.60.49
SNETBIB60_VLAN_3159_via_1364,bfd,profile,None
SNETBIB60_VLAN_3159_via_1364,path-monitor,enable,no
SNETBIB60_VLAN_3159_via_1364,path-monitor,failure-condition,any
SNETBIB60_VLAN_3159_via_1364,path-monitor,hold-time,2
SNETBIB60_VLAN_3159_via_1364,interface,ethernet1/22.27,
SNETBIB60_VLAN_3159_via_1364,metric,10,
SNETBIB60_VLAN_3159_via_1364,admin-dist,10,
SNETBIB117_VLAN_3224_via_1424,destination,10.167.224.64/26,
SNETBIB61_VLAN_3160_via_1365,nexthop,ip-address,10.160.60.65
SNETBIB61_VLAN_3160_via_1365,bfd,profile,None
SNETBIB61_VLAN_3160_via_1365,path-monitor,enable,no
SNETBIB61_VLAN_3160_via_1365,path-monitor,failure-condition,any
SNETBIB61_VLAN_3160_via_1365,path-monitor,hold-time,2
SNETBIB61_VLAN_3160_via_1365,interface,ethernet1/22.28,
SNETBIB61_VLAN_3160_via_1365,metric,10,
SNETBIB61_VLAN_3160_via_1365,admin-dist,10,
SNETBIB117_VLAN_3225_via_1424,destination,10.167.224.128/26,
SNETBIB36_VLAN_3140_via_1214,nexthop,ip-address,10.160.58.161
SNETBIB36_VLAN_3140_via_1214,bfd,profile,None
SNETBIB36_VLAN_3140_via_1214,path-monitor,enable,no
SNETBIB36_VLAN_3140_via_1214,path-monitor,failure-condition,any
SNETBIB36_VLAN_3140_via_1214,path-monitor,hold-time,2
SNETBIB36_VLAN_3140_via_1214,interface,ethernet1/22.29,
SNETBIB36_VLAN_3140_via_1214,metric,10,
SNETBIB36_VLAN_3140_via_1214,admin-dist,10,
SNETBIB118_VLAN_3230_via_1426,destination,10.6.15.0/25,
SNETBIB62_VLAN_3161_via_1366,nexthop,ip-address,10.160.60.81
SNETBIB62_VLAN_3161_via_1366,bfd,profile,None
SNETBIB62_VLAN_3161_via_1366,path-monitor,enable,no
SNETBIB62_VLAN_3161_via_1366,path-monitor,failure-condition,any
SNETBIB62_VLAN_3161_via_1366,path-monitor,hold-time,2
SNETBIB62_VLAN_3161_via_1366,interface,ethernet1/22.30,
SNETBIB62_VLAN_3161_via_1366,metric,10,
SNETBIB62_VLAN_3161_via_1366,admin-dist,10,
SNETBIB119_VLAN_3227_via_1427,destination,10.160.9.0/27,
SNETBIB63_VLAN3162_via_1367,nexthop,ip-address,10.160.60.97
SNETBIB63_VLAN3162_via_1367,bfd,profile,None
SNETBIB63_VLAN3162_via_1367,path-monitor,enable,no
SNETBIB63_VLAN3162_via_1367,path-monitor,failure-condition,any
SNETBIB63_VLAN3162_via_1367,path-monitor,hold-time,2
SNETBIB63_VLAN3162_via_1367,interface,ethernet1/22.31,
SNETBIB63_VLAN3162_via_1367,metric,10,
SNETBIB63_VLAN3162_via_1367,admin-dist,10,
SNETBIB119_VLAN_3228_via_1427,destination,10.160.9.32/27,
SNETBIB65_VLAN3164_via_1369,nexthop,ip-address,10.160.60.129
SNETBIB65_VLAN3164_via_1369,bfd,profile,None
SNETBIB65_VLAN3164_via_1369,path-monitor,enable,no
SNETBIB65_VLAN3164_via_1369,path-monitor,failure-condition,any
SNETBIB65_VLAN3164_via_1369,path-monitor,hold-time,2
SNETBIB65_VLAN3164_via_1369,interface,ethernet1/22.33,
SNETBIB65_VLAN3164_via_1369,metric,10,
SNETBIB65_VLAN3164_via_1369,admin-dist,10,
SNETBIB12_VLAN_3183_via_1188,destination,10.167.248.0/21,
SNETBIB66_VLAN_3165_via_1371,nexthop,ip-address,10.160.60.161
SNETBIB66_VLAN_3165_via_1371,bfd,profile,None
SNETBIB66_VLAN_3165_via_1371,path-monitor,enable,no
SNETBIB66_VLAN_3165_via_1371,path-monitor,failure-condition,any
SNETBIB66_VLAN_3165_via_1371,path-monitor,hold-time,2
SNETBIB66_VLAN_3165_via_1371,interface,ethernet1/22.35,
SNETBIB66_VLAN_3165_via_1371,metric,10,
SNETBIB66_VLAN_3165_via_1371,admin-dist,10,
SNETBIB121_VLAN_3229_via_1429,destination,10.160.9.128/25,
SNETBIB67_VLAN_3166_via_1372,nexthop,ip-address,10.160.60.177
SNETBIB67_VLAN_3166_via_1372,bfd,profile,None
SNETBIB67_VLAN_3166_via_1372,path-monitor,enable,no
SNETBIB67_VLAN_3166_via_1372,path-monitor,failure-condition,any
SNETBIB67_VLAN_3166_via_1372,path-monitor,hold-time,2
SNETBIB67_VLAN_3166_via_1372,interface,ethernet1/22.36,
SNETBIB67_VLAN_3166_via_1372,metric,10,
SNETBIB67_VLAN_3166_via_1372,admin-dist,10,
SNETBIB122_VLAN_3231_via_1430,destination,10.160.76.0/22,
SNETBIB68_VLAN_3167_via_1373,nexthop,ip-address,10.160.60.193
SNETBIB68_VLAN_3167_via_1373,bfd,profile,None
SNETBIB68_VLAN_3167_via_1373,path-monitor,enable,no
SNETBIB68_VLAN_3167_via_1373,path-monitor,failure-condition,any
SNETBIB68_VLAN_3167_via_1373,path-monitor,hold-time,2
SNETBIB68_VLAN_3167_via_1373,interface,ethernet1/22.37,
SNETBIB68_VLAN_3167_via_1373,metric,10,
SNETBIB68_VLAN_3167_via_1373,admin-dist,10,
SNETBIB123_VLAN_3232_via_1431,destination,10.160.80.0/24,
SNETBIB69_VLAN_3170_via_1374,nexthop,ip-address,10.160.60.209
SNETBIB69_VLAN_3170_via_1374,bfd,profile,None
SNETBIB69_VLAN_3170_via_1374,path-monitor,enable,no
SNETBIB69_VLAN_3170_via_1374,path-monitor,failure-condition,any
SNETBIB69_VLAN_3170_via_1374,path-monitor,hold-time,2
SNETBIB69_VLAN_3170_via_1374,interface,ethernet1/22.38,
SNETBIB69_VLAN_3170_via_1374,metric,10,
SNETBIB69_VLAN_3170_via_1374,admin-dist,10,
SNETBIB124_VLAN_3235_via_1432,destination,10.160.73.96/27,
SNETBIB67_VLAN_3168_via_1372,nexthop,ip-address,10.160.60.177
SNETBIB67_VLAN_3168_via_1372,bfd,profile,None
SNETBIB67_VLAN_3168_via_1372,path-monitor,enable,no
SNETBIB67_VLAN_3168_via_1372,path-monitor,failure-condition,any
SNETBIB67_VLAN_3168_via_1372,path-monitor,hold-time,2
SNETBIB67_VLAN_3168_via_1372,interface,ethernet1/22.36,
SNETBIB67_VLAN_3168_via_1372,metric,10,
SNETBIB67_VLAN_3168_via_1372,admin-dist,10,
SNETBIB125_VLAN_3235_via_1433,destination,10.160.73.128/25,
SNETBIB67_VLAN_3169_via_1372,nexthop,ip-address,10.160.60.177
SNETBIB67_VLAN_3169_via_1372,bfd,profile,None
SNETBIB67_VLAN_3169_via_1372,path-monitor,enable,no
SNETBIB67_VLAN_3169_via_1372,path-monitor,failure-condition,any
SNETBIB67_VLAN_3169_via_1372,path-monitor,hold-time,2
SNETBIB67_VLAN_3169_via_1372,interface,ethernet1/22.36,
SNETBIB67_VLAN_3169_via_1372,metric,10,
SNETBIB67_VLAN_3169_via_1372,admin-dist,10,
SNETBIB125_VLAN_3237_via_1433,destination,10.160.75.0/27,
SNETBIB62_VLAN_3171_via_1366,nexthop,ip-address,10.160.60.81
SNETBIB62_VLAN_3171_via_1366,bfd,profile,None
SNETBIB62_VLAN_3171_via_1366,path-monitor,enable,no
SNETBIB62_VLAN_3171_via_1366,path-monitor,failure-condition,any
SNETBIB62_VLAN_3171_via_1366,path-monitor,hold-time,2
SNETBIB62_VLAN_3171_via_1366,interface,ethernet1/22.30,
SNETBIB62_VLAN_3171_via_1366,metric,10,
SNETBIB62_VLAN_3171_via_1366,admin-dist,10,
SNETBIB125_VLAN_3503_via_1433,destination,10.164.55.0/28,
SNETBIB62_VLAN_3173_via_1366,nexthop,ip-address,10.160.60.81
SNETBIB62_VLAN_3173_via_1366,bfd,profile,None
SNETBIB62_VLAN_3173_via_1366,path-monitor,enable,no
SNETBIB62_VLAN_3173_via_1366,path-monitor,failure-condition,any
SNETBIB62_VLAN_3173_via_1366,path-monitor,hold-time,2
SNETBIB62_VLAN_3173_via_1366,interface,ethernet1/22.30,
SNETBIB62_VLAN_3173_via_1366,metric,10,
SNETBIB62_VLAN_3173_via_1366,admin-dist,10,
SNETBIB127_VLAN_3262_via_1435,destination,10.160.96.0/25,
SNETBIB70_VLAN_3175_via_1375,nexthop,ip-address,10.160.60.225
SNETBIB70_VLAN_3175_via_1375,bfd,profile,None
SNETBIB70_VLAN_3175_via_1375,path-monitor,enable,no
SNETBIB70_VLAN_3175_via_1375,path-monitor,failure-condition,any
SNETBIB70_VLAN_3175_via_1375,path-monitor,hold-time,2
SNETBIB70_VLAN_3175_via_1375,interface,ethernet1/22.39,
SNETBIB70_VLAN_3175_via_1375,metric,10,
SNETBIB70_VLAN_3175_via_1375,admin-dist,10,
SNETBIB128_VLAN_3238_via_1437,destination,10.160.96.128/25,
SNETBIB70_VLAN_3176_via_1375,nexthop,ip-address,10.160.60.225
SNETBIB70_VLAN_3176_via_1375,bfd,profile,None
SNETBIB70_VLAN_3176_via_1375,path-monitor,enable,no
SNETBIB70_VLAN_3176_via_1375,path-monitor,failure-condition,any
SNETBIB70_VLAN_3176_via_1375,path-monitor,hold-time,2
SNETBIB70_VLAN_3176_via_1375,interface,ethernet1/22.39,
SNETBIB70_VLAN_3176_via_1375,metric,10,
SNETBIB70_VLAN_3176_via_1375,admin-dist,10,
SNETBIB129_VLAN_3239_via_1438,destination,10.160.97.0/25,
SNETBIB70_VLAN_3177_via_1375,nexthop,ip-address,10.160.60.225
SNETBIB70_VLAN_3177_via_1375,bfd,profile,None
SNETBIB70_VLAN_3177_via_1375,path-monitor,enable,no
SNETBIB70_VLAN_3177_via_1375,path-monitor,failure-condition,any
SNETBIB70_VLAN_3177_via_1375,path-monitor,hold-time,2
SNETBIB70_VLAN_3177_via_1375,interface,ethernet1/22.39,
SNETBIB70_VLAN_3177_via_1375,metric,10,
SNETBIB70_VLAN_3177_via_1375,admin-dist,10,
SNETBIB130_VLAN_3240_via_1439,destination,10.160.97.128/25,
SNETBIB38_Vlan3142_via_1216,nexthop,ip-address,10.160.58.193
SNETBIB38_Vlan3142_via_1216,bfd,profile,None
SNETBIB38_Vlan3142_via_1216,path-monitor,enable,no
SNETBIB38_Vlan3142_via_1216,path-monitor,failure-condition,any
SNETBIB38_Vlan3142_via_1216,path-monitor,hold-time,2
SNETBIB38_Vlan3142_via_1216,interface,ethernet1/22.40,
SNETBIB38_Vlan3142_via_1216,metric,10,
SNETBIB38_Vlan3142_via_1216,admin-dist,10,
SNETBIB131_VLAN_3241_via_1440,destination,10.160.98.0/25,
SNETBIB38_Vlan3142_via_1216,route-table,unicast,
SNETBIB19_VLAN_3500_via_1197,nexthop,ip-address,10.160.57.145
SNETBIB19_VLAN_3500_via_1197,bfd,profile,None
SNETBIB19_VLAN_3500_via_1197,path-monitor,enable,no
SNETBIB19_VLAN_3500_via_1197,path-monitor,failure-condition,any
SNETBIB19_VLAN_3500_via_1197,path-monitor,hold-time,2
SNETBIB19_VLAN_3500_via_1197,interface,ethernet1/22.7,
SNETBIB19_VLAN_3500_via_1197,metric,10,
SNETBIB19_VLAN_3500_via_1197,admin-dist,10,
SNETBIB132_VLAN_3242_via_1441,destination,10.160.98.128/25,
SNETBIB71_VLAN3178_via_1376,nexthop,ip-address,10.160.60.241/32
SNETBIB71_VLAN3178_via_1376,bfd,profile,None
SNETBIB71_VLAN3178_via_1376,path-monitor,enable,no
SNETBIB71_VLAN3178_via_1376,path-monitor,failure-condition,any
SNETBIB71_VLAN3178_via_1376,path-monitor,hold-time,2
SNETBIB71_VLAN3178_via_1376,interface,ethernet1/22.41,
SNETBIB71_VLAN3178_via_1376,metric,10,
SNETBIB71_VLAN3178_via_1376,admin-dist,10,
SNETBIB133_VLAN_3243_via_1442,destination,10.160.99.0/25,
SNETBIB71_VLAN3179_via_1376,nexthop,ip-address,10.160.60.241/32
SNETBIB71_VLAN3179_via_1376,bfd,profile,None
SNETBIB71_VLAN3179_via_1376,path-monitor,enable,no
SNETBIB71_VLAN3179_via_1376,path-monitor,failure-condition,any
SNETBIB71_VLAN3179_via_1376,path-monitor,hold-time,2
SNETBIB71_VLAN3179_via_1376,interface,ethernet1/22.41,
SNETBIB71_VLAN3179_via_1376,metric,10,
SNETBIB71_VLAN3179_via_1376,admin-dist,10,
SNETBIB134_VLAN_3244_via_1443,destination,10.160.99.128/25,
SNETBIB71_VLAN3180_via_1376,nexthop,ip-address,10.160.60.241/32
SNETBIB71_VLAN3180_via_1376,bfd,profile,None
SNETBIB71_VLAN3180_via_1376,path-monitor,enable,no
SNETBIB71_VLAN3180_via_1376,path-monitor,failure-condition,any
SNETBIB71_VLAN3180_via_1376,path-monitor,hold-time,2
SNETBIB71_VLAN3180_via_1376,interface,ethernet1/22.41,
SNETBIB71_VLAN3180_via_1376,metric,10,
SNETBIB71_VLAN3180_via_1376,admin-dist,10,
SNETBIB135_VLAN_3245_via_1444,destination,10.160.100.0/25,
SNETBIB71_VLAN3181_via_1376,nexthop,ip-address,10.160.60.241/32
SNETBIB71_VLAN3181_via_1376,bfd,profile,None
SNETBIB71_VLAN3181_via_1376,path-monitor,enable,no
SNETBIB71_VLAN3181_via_1376,path-monitor,failure-condition,any
SNETBIB71_VLAN3181_via_1376,path-monitor,hold-time,2
SNETBIB71_VLAN3181_via_1376,interface,ethernet1/22.41,
SNETBIB71_VLAN3181_via_1376,metric,10,
SNETBIB71_VLAN3181_via_1376,admin-dist,10,
SNETBIB136_VLAN_3246_via_1445,destination,10.160.100.128/25,
SNETBIB71_VLAN3182_via_1376,nexthop,ip-address,10.160.60.241/32
SNETBIB71_VLAN3182_via_1376,bfd,profile,None
SNETBIB71_VLAN3182_via_1376,path-monitor,enable,no
SNETBIB71_VLAN3182_via_1376,path-monitor,failure-condition,any
SNETBIB71_VLAN3182_via_1376,path-monitor,hold-time,2
SNETBIB71_VLAN3182_via_1376,interface,ethernet1/22.41,
SNETBIB71_VLAN3182_via_1376,metric,10,
SNETBIB71_VLAN3182_via_1376,admin-dist,10,
SNETBIB137_VLAN_3247_via_1446,destination,10.160.107.0/25,
SNETBIB72_VLAN_55_via_1377,nexthop,ip-address,10.160.61.1
SNETBIB72_VLAN_55_via_1377,bfd,profile,None
SNETBIB72_VLAN_55_via_1377,path-monitor,enable,no
SNETBIB72_VLAN_55_via_1377,path-monitor,failure-condition,any
SNETBIB72_VLAN_55_via_1377,path-monitor,hold-time,2
SNETBIB72_VLAN_55_via_1377,interface,ethernet1/22.42,
SNETBIB72_VLAN_55_via_1377,metric,10,
SNETBIB72_VLAN_55_via_1377,admin-dist,10,
SNETBIB138_VLAN_3248_via_1447,destination,10.160.107.128/25,
SNETBIB62_VLAN_3185_via_1366,nexthop,ip-address,10.160.60.81
SNETBIB62_VLAN_3185_via_1366,bfd,profile,None
SNETBIB62_VLAN_3185_via_1366,path-monitor,enable,no
SNETBIB62_VLAN_3185_via_1366,path-monitor,failure-condition,any
SNETBIB62_VLAN_3185_via_1366,path-monitor,hold-time,2
SNETBIB62_VLAN_3185_via_1366,interface,ethernet1/22.30,
SNETBIB62_VLAN_3185_via_1366,metric,10,
SNETBIB62_VLAN_3185_via_1366,admin-dist,10,
SNETBIB139_VLAN_3249_via_1448,destination,10.160.108.0/25,
SNETBIB52_VLAN_3087_via_1231,nexthop,ip-address,10.160.59.177
SNETBIB52_VLAN_3087_via_1231,bfd,profile,None
SNETBIB52_VLAN_3087_via_1231,path-monitor,enable,no
SNETBIB52_VLAN_3087_via_1231,path-monitor,failure-condition,any
SNETBIB52_VLAN_3087_via_1231,path-monitor,hold-time,2
SNETBIB52_VLAN_3087_via_1231,interface,ethernet1/22.17,
SNETBIB52_VLAN_3087_via_1231,metric,10,
SNETBIB52_VLAN_3087_via_1231,admin-dist,10,
SNETBIB14_VLAN_3080_via_1192,destination,10.167.176.128/27,
SNETBIB73_VLAN_3186_via_1378,nexthop,ip-address,10.160.61.17
SNETBIB73_VLAN_3186_via_1378,bfd,profile,None
SNETBIB73_VLAN_3186_via_1378,path-monitor,enable,no
SNETBIB73_VLAN_3186_via_1378,path-monitor,failure-condition,any
SNETBIB73_VLAN_3186_via_1378,path-monitor,hold-time,2
SNETBIB73_VLAN_3186_via_1378,interface,ethernet1/22.43,
SNETBIB73_VLAN_3186_via_1378,metric,10,
SNETBIB73_VLAN_3186_via_1378,admin-dist,10,
SNETBIB140_VLAN_3250_via_1449,destination,10.160.108.128/25,
SNETBIB23_VLAN_3127_via_1201,nexthop,ip-address,10.160.57.209
SNETBIB23_VLAN_3127_via_1201,bfd,profile,None
SNETBIB23_VLAN_3127_via_1201,path-monitor,enable,no
SNETBIB23_VLAN_3127_via_1201,path-monitor,failure-condition,any
SNETBIB23_VLAN_3127_via_1201,path-monitor,hold-time,2
SNETBIB23_VLAN_3127_via_1201,interface,ethernet1/22.44,
SNETBIB23_VLAN_3127_via_1201,metric,10,
SNETBIB23_VLAN_3127_via_1201,admin-dist,10,
SNETBIB141_VLAN_3251_via_1450,destination,10.160.109.0/25,
SNETBIB40_VLAN_3144_via_1218,nexthop,ip-address,10.160.58.225
SNETBIB40_VLAN_3144_via_1218,bfd,profile,None
SNETBIB40_VLAN_3144_via_1218,path-monitor,enable,no
SNETBIB40_VLAN_3144_via_1218,path-monitor,failure-condition,any
SNETBIB40_VLAN_3144_via_1218,path-monitor,hold-time,2
SNETBIB40_VLAN_3144_via_1218,interface,ethernet1/22.45,
SNETBIB40_VLAN_3144_via_1218,metric,10,
SNETBIB40_VLAN_3144_via_1218,admin-dist,10,
SNETBIB142_VLAN_3252_via_1451,destination,10.160.109.128/25,
SNETBIB74_VLAN_49_via_1379,nexthop,ip-address,10.160.61.33
SNETBIB74_VLAN_49_via_1379,bfd,profile,None
SNETBIB74_VLAN_49_via_1379,path-monitor,enable,no
SNETBIB74_VLAN_49_via_1379,path-monitor,failure-condition,any
SNETBIB74_VLAN_49_via_1379,path-monitor,hold-time,2
SNETBIB74_VLAN_49_via_1379,interface,ethernet1/22.46,
SNETBIB74_VLAN_49_via_1379,metric,10,
SNETBIB74_VLAN_49_via_1379,admin-dist,10,
SNETBIB143_VLAN_3253_via_1452,destination,10.160.110.0/25,
SNETBIB62_VLAN_3174_via_1366,nexthop,ip-address,10.160.60.81
SNETBIB62_VLAN_3174_via_1366,bfd,profile,None
SNETBIB62_VLAN_3174_via_1366,path-monitor,enable,no
SNETBIB62_VLAN_3174_via_1366,path-monitor,failure-condition,any
SNETBIB62_VLAN_3174_via_1366,path-monitor,hold-time,2
SNETBIB62_VLAN_3174_via_1366,interface,ethernet1/22.30,
SNETBIB62_VLAN_3174_via_1366,metric,10,
SNETBIB62_VLAN_3174_via_1366,admin-dist,10,
SNETBIB144_VLAN_3254_via_1453,destination,10.160.110.128/25,
SNETBIB74_VLAN_2049_via_1379,nexthop,ip-address,10.160.61.33
SNETBIB74_VLAN_2049_via_1379,bfd,profile,None
SNETBIB74_VLAN_2049_via_1379,path-monitor,enable,no
SNETBIB74_VLAN_2049_via_1379,path-monitor,failure-condition,any
SNETBIB74_VLAN_2049_via_1379,path-monitor,hold-time,2
SNETBIB74_VLAN_2049_via_1379,interface,ethernet1/22.46,
SNETBIB74_VLAN_2049_via_1379,metric,10,
SNETBIB74_VLAN_2049_via_1379,admin-dist,10,
SNETBIB145_VLAN_3255_via_1454,destination,10.160.111.0/25,
SNETBIB50_VLAN_265_via_1228,nexthop,ip-address,10.160.59.129
SNETBIB50_VLAN_265_via_1228,bfd,profile,None
SNETBIB50_VLAN_265_via_1228,path-monitor,enable,no
SNETBIB50_VLAN_265_via_1228,path-monitor,failure-condition,any
SNETBIB50_VLAN_265_via_1228,path-monitor,hold-time,2
SNETBIB50_VLAN_265_via_1228,interface,ethernet1/22.15,
SNETBIB50_VLAN_265_via_1228,metric,10,
SNETBIB50_VLAN_265_via_1228,admin-dist,10,
SNETBIB146_VLAN_3256_via_1455,destination,10.160.111.128/25,
SNETBIB29_VLAN_3133_via_1207,nexthop,ip-address,10.160.58.49
SNETBIB29_VLAN_3133_via_1207,bfd,profile,None
SNETBIB29_VLAN_3133_via_1207,path-monitor,enable,no
SNETBIB29_VLAN_3133_via_1207,path-monitor,failure-condition,any
SNETBIB29_VLAN_3133_via_1207,path-monitor,hold-time,2
SNETBIB29_VLAN_3133_via_1207,interface,ethernet1/22.47,
SNETBIB29_VLAN_3133_via_1207,metric,10,
SNETBIB29_VLAN_3133_via_1207,admin-dist,10,
SNETBIB147_VLAN_3257_via_1456,destination,10.160.112.0/25,
SNETBIB77_VLAN_262_via_1382,nexthop,ip-address,10.160.61.81
SNETBIB77_VLAN_262_via_1382,bfd,profile,None
SNETBIB77_VLAN_262_via_1382,path-monitor,enable,no
SNETBIB77_VLAN_262_via_1382,path-monitor,failure-condition,any
SNETBIB77_VLAN_262_via_1382,path-monitor,hold-time,2
SNETBIB77_VLAN_262_via_1382,interface,ethernet1/22.48,
SNETBIB77_VLAN_262_via_1382,metric,10,
SNETBIB77_VLAN_262_via_1382,admin-dist,10,
SNETBIB148_VLAN_3258_via_1457,destination,10.160.112.128/25,
SNETBIB48_VLAN_3152_via_1226,nexthop,ip-address,10.160.59.97
SNETBIB48_VLAN_3152_via_1226,bfd,profile,None
SNETBIB48_VLAN_3152_via_1226,path-monitor,enable,no
SNETBIB48_VLAN_3152_via_1226,path-monitor,failure-condition,any
SNETBIB48_VLAN_3152_via_1226,path-monitor,hold-time,2
SNETBIB48_VLAN_3152_via_1226,interface,ethernet1/22.49,
SNETBIB48_VLAN_3152_via_1226,metric,10,
SNETBIB48_VLAN_3152_via_1226,admin-dist,10,
SNETBIB149_VLAN_3259_via_1458,destination,10.160.113.0/25,
SNETBIB79_VLAN_3092_via_1384,nexthop,ip-address,10.160.61.113
SNETBIB79_VLAN_3092_via_1384,bfd,profile,None
SNETBIB79_VLAN_3092_via_1384,path-monitor,enable,no
SNETBIB79_VLAN_3092_via_1384,path-monitor,failure-condition,any
SNETBIB79_VLAN_3092_via_1384,path-monitor,hold-time,2
SNETBIB79_VLAN_3092_via_1384,interface,ethernet1/22.51,
SNETBIB79_VLAN_3092_via_1384,metric,10,
SNETBIB79_VLAN_3092_via_1384,admin-dist,10,
SNETBIB15_VLAN_2918_via_1193,destination,10.167.18.0/24,
SNETBIB50_VLAN_3184_via_1228,nexthop,ip-address,10.160.59.129
SNETBIB50_VLAN_3184_via_1228,bfd,profile,None
SNETBIB50_VLAN_3184_via_1228,path-monitor,enable,no
SNETBIB50_VLAN_3184_via_1228,path-monitor,failure-condition,any
SNETBIB50_VLAN_3184_via_1228,path-monitor,hold-time,2
SNETBIB50_VLAN_3184_via_1228,interface,ethernet1/22.15,
SNETBIB50_VLAN_3184_via_1228,metric,10,
SNETBIB50_VLAN_3184_via_1228,admin-dist,10,
SNETBIB150_VLAN_3260_via_1459,destination,10.160.113.128/25,
SNETBIB80_VLAN_56_via_1385,nexthop,ip-address,10.160.61.129
SNETBIB80_VLAN_56_via_1385,bfd,profile,None
SNETBIB80_VLAN_56_via_1385,path-monitor,enable,no
SNETBIB80_VLAN_56_via_1385,path-monitor,failure-condition,any
SNETBIB80_VLAN_56_via_1385,path-monitor,hold-time,2
SNETBIB80_VLAN_56_via_1385,interface,ethernet1/22.52,
SNETBIB80_VLAN_56_via_1385,metric,10,
SNETBIB80_VLAN_56_via_1385,admin-dist,10,
SNETBIB151_VLAN_3261_via_1460,destination,10.160.114.0/25,
SNETBIB44_VLAN_3148_via_1222,nexthop,ip-address,10.160.59.33
SNETBIB44_VLAN_3148_via_1222,bfd,profile,None
SNETBIB44_VLAN_3148_via_1222,path-monitor,enable,no
SNETBIB44_VLAN_3148_via_1222,path-monitor,failure-condition,any
SNETBIB44_VLAN_3148_via_1222,path-monitor,hold-time,2
SNETBIB44_VLAN_3148_via_1222,interface,ethernet1/22.54,
SNETBIB44_VLAN_3148_via_1222,metric,10,
SNETBIB44_VLAN_3148_via_1222,admin-dist,10,
SNETBIB152_VLAN_3263_via_1461,destination,10.160.114.128/25,
SNETBIB59_VLAN_100_via1386,nexthop,ip-address,10.160.61.145
SNETBIB59_VLAN_100_via1386,bfd,profile,None
SNETBIB59_VLAN_100_via1386,path-monitor,enable,no
SNETBIB59_VLAN_100_via1386,path-monitor,failure-condition,any
SNETBIB59_VLAN_100_via1386,path-monitor,hold-time,2
SNETBIB59_VLAN_100_via1386,interface,ethernet1/22.53,
SNETBIB59_VLAN_100_via1386,metric,10,
SNETBIB59_VLAN_100_via1386,admin-dist,10,
SNETBIB152_VLAN_3264_via_1461,destination,10.160.116.0/27,
SNETBIB37_VLAN_3141_via_1215,nexthop,ip-address,10.160.58.177
SNETBIB37_VLAN_3141_via_1215,bfd,profile,None
SNETBIB37_VLAN_3141_via_1215,path-monitor,enable,no
SNETBIB37_VLAN_3141_via_1215,path-monitor,failure-condition,any
SNETBIB37_VLAN_3141_via_1215,path-monitor,hold-time,2
SNETBIB37_VLAN_3141_via_1215,interface,ethernet1/22.55,
SNETBIB37_VLAN_3141_via_1215,metric,10,
SNETBIB37_VLAN_3141_via_1215,admin-dist,10,
SNETBIB153_VLAN_3264_via_1463,destination,10.160.115.128/26,
SNETBIB35_VLAN_3139_via_1312,nexthop,ip-address,10.160.58.145
SNETBIB35_VLAN_3139_via_1312,bfd,profile,None
SNETBIB35_VLAN_3139_via_1312,path-monitor,enable,no
SNETBIB35_VLAN_3139_via_1312,path-monitor,failure-condition,any
SNETBIB35_VLAN_3139_via_1312,path-monitor,hold-time,2
SNETBIB35_VLAN_3139_via_1312,interface,ethernet1/22.56,
SNETBIB35_VLAN_3139_via_1312,metric,10,
SNETBIB35_VLAN_3139_via_1312,admin-dist,10,
SNETBIB154_VLAN_3265_via_1464,destination,10.160.117.0/24,
SNETBIB51_VLAN_3083_via_1229,nexthop,ip-address,10.160.59.145
SNETBIB51_VLAN_3083_via_1229,bfd,profile,None
SNETBIB51_VLAN_3083_via_1229,path-monitor,enable,no
SNETBIB51_VLAN_3083_via_1229,path-monitor,failure-condition,any
SNETBIB51_VLAN_3083_via_1229,path-monitor,hold-time,2
SNETBIB51_VLAN_3083_via_1229,interface,ethernet1/22.16,
SNETBIB51_VLAN_3083_via_1229,metric,10,
SNETBIB51_VLAN_3083_via_1229,admin-dist,10,
SNETBIB155_VLAN_68_via_1465,destination,148.192.68.0/24,
SNETBIB31_VLAN3135_via_1209,nexthop,ip-address,10.160.58.81
SNETBIB31_VLAN3135_via_1209,bfd,profile,None
SNETBIB31_VLAN3135_via_1209,path-monitor,enable,no
SNETBIB31_VLAN3135_via_1209,path-monitor,failure-condition,any
SNETBIB31_VLAN3135_via_1209,path-monitor,hold-time,2
SNETBIB31_VLAN3135_via_1209,interface,ethernet1/22.57,
SNETBIB31_VLAN3135_via_1209,metric,10,
SNETBIB31_VLAN3135_via_1209,admin-dist,10,
SNETBIB156_VLAN_57_via_1466,destination,148.192.57.0/24,
SNETBIB27_VLAN_3131_via_1205,nexthop,ip-address,10.160.58.17
SNETBIB27_VLAN_3131_via_1205,bfd,profile,None
SNETBIB27_VLAN_3131_via_1205,path-monitor,enable,no
SNETBIB27_VLAN_3131_via_1205,path-monitor,failure-condition,any
SNETBIB27_VLAN_3131_via_1205,path-monitor,hold-time,2
SNETBIB27_VLAN_3131_via_1205,interface,ethernet1/22.58,
SNETBIB27_VLAN_3131_via_1205,metric,10,
SNETBIB27_VLAN_3131_via_1205,admin-dist,10,
SNETBIB157_VLAN_176_via_1467,destination,148.192.176.0/24,
SNETBIB59_VLAN_142_via1386,nexthop,ip-address,10.160.61.145
SNETBIB59_VLAN_142_via1386,bfd,profile,None
SNETBIB59_VLAN_142_via1386,path-monitor,enable,no
SNETBIB59_VLAN_142_via1386,path-monitor,failure-condition,any
SNETBIB59_VLAN_142_via1386,path-monitor,hold-time,2
SNETBIB59_VLAN_142_via1386,interface,ethernet1/22.53,
SNETBIB59_VLAN_142_via1386,metric,10,
SNETBIB59_VLAN_142_via1386,admin-dist,10,
SNETBIB158_VLAN_27_via_1468,destination,148.192.27.0/24,
SNETBIB81_VLAN_3093_via_1387,nexthop,ip-address,10.160.61.177
SNETBIB81_VLAN_3093_via_1387,bfd,profile,None
SNETBIB81_VLAN_3093_via_1387,path-monitor,enable,no
SNETBIB81_VLAN_3093_via_1387,path-monitor,failure-condition,any
SNETBIB81_VLAN_3093_via_1387,path-monitor,hold-time,2
SNETBIB81_VLAN_3093_via_1387,interface,ethernet1/22.59,
SNETBIB81_VLAN_3093_via_1387,metric,10,
SNETBIB81_VLAN_3093_via_1387,admin-dist,10,
SNETBIB159_VLAN_3270_via_1469,destination,10.160.122.0/24,
SNETBIB81_VLAN_3094_via_1387,nexthop,ip-address,10.160.61.177
SNETBIB81_VLAN_3094_via_1387,bfd,profile,None
SNETBIB81_VLAN_3094_via_1387,path-monitor,enable,no
SNETBIB81_VLAN_3094_via_1387,path-monitor,failure-condition,any
SNETBIB81_VLAN_3094_via_1387,path-monitor,hold-time,2
SNETBIB81_VLAN_3094_via_1387,interface,ethernet1/22.59,
SNETBIB81_VLAN_3094_via_1387,metric,10,
SNETBIB81_VLAN_3094_via_1387,admin-dist,10,
SNETBIB159_VLAN_3504_via_1469,destination,10.160.124.0/27,
SNETBIB41_VLAN_3187_via_1219,nexthop,ip-address,10.160.61.193
SNETBIB41_VLAN_3187_via_1219,bfd,profile,None
SNETBIB41_VLAN_3187_via_1219,path-monitor,enable,no
SNETBIB41_VLAN_3187_via_1219,path-monitor,failure-condition,any
SNETBIB41_VLAN_3187_via_1219,path-monitor,hold-time,2
SNETBIB41_VLAN_3187_via_1219,interface,ethernet1/22.60,
SNETBIB41_VLAN_3187_via_1219,metric,10,
SNETBIB41_VLAN_3187_via_1219,admin-dist,10,
SNETBIB16_VLAN_3081_via_1194,destination,10.167.176.160/27,
SNETBIB17_VLAN_2920_via_1195,nexthop,ip-address,10.160.61.209
SNETBIB17_VLAN_2920_via_1195,bfd,profile,None
SNETBIB17_VLAN_2920_via_1195,path-monitor,enable,no
SNETBIB17_VLAN_2920_via_1195,path-monitor,failure-condition,any
SNETBIB17_VLAN_2920_via_1195,path-monitor,hold-time,2
SNETBIB17_VLAN_2920_via_1195,interface,ethernet1/22.62,
SNETBIB17_VLAN_2920_via_1195,metric,10,
SNETBIB17_VLAN_2920_via_1195,admin-dist,10,
SNETBIB16_VLAN_3082_via_1194,destination,10.167.176.192/27,
SNETBIB75_VLAN3188_via_1380,nexthop,ip-address,10.160.61.49
SNETBIB75_VLAN3188_via_1380,bfd,profile,None
SNETBIB75_VLAN3188_via_1380,path-monitor,enable,no
SNETBIB75_VLAN3188_via_1380,path-monitor,failure-condition,any
SNETBIB75_VLAN3188_via_1380,path-monitor,hold-time,2
SNETBIB75_VLAN3188_via_1380,interface,ethernet1/22.61,
SNETBIB75_VLAN3188_via_1380,metric,10,
SNETBIB75_VLAN3188_via_1380,admin-dist,10,
SNETBIB160_VLAN_3271_via_1470,destination,10.160.123.0/26,
SNETBIB43_VLAN_3147_via_1221,nexthop,ip-address,10.160.57.113
SNETBIB43_VLAN_3147_via_1221,bfd,profile,None
SNETBIB43_VLAN_3147_via_1221,path-monitor,enable,no
SNETBIB43_VLAN_3147_via_1221,path-monitor,failure-condition,any
SNETBIB43_VLAN_3147_via_1221,path-monitor,hold-time,2
SNETBIB43_VLAN_3147_via_1221,interface,ethernet1/22.63,
SNETBIB43_VLAN_3147_via_1221,metric,10,
SNETBIB43_VLAN_3147_via_1221,admin-dist,10,
SNETBIB161_VLAN_3272_via_1471,destination,10.160.123.64/26,
SNETBIB85_VLAN3190_via_1390,nexthop,ip-address,10.160.62.1
SNETBIB85_VLAN3190_via_1390,bfd,profile,None
SNETBIB85_VLAN3190_via_1390,path-monitor,enable,no
SNETBIB85_VLAN3190_via_1390,path-monitor,failure-condition,any
SNETBIB85_VLAN3190_via_1390,path-monitor,hold-time,2
SNETBIB85_VLAN3190_via_1390,interface,ethernet1/22.69,
SNETBIB85_VLAN3190_via_1390,metric,10,
SNETBIB85_VLAN3190_via_1390,admin-dist,10,
SNETBIB162_VLAN_3273_via_1472,destination,10.160.123.128/26,
SNETBIB82_VLAN3189_via_1388,nexthop,ip-address,10.160.61.225
SNETBIB82_VLAN3189_via_1388,bfd,profile,None
SNETBIB82_VLAN3189_via_1388,path-monitor,enable,no
SNETBIB82_VLAN3189_via_1388,path-monitor,failure-condition,any
SNETBIB82_VLAN3189_via_1388,path-monitor,hold-time,2
SNETBIB82_VLAN3189_via_1388,interface,ethernet1/22.65,
SNETBIB82_VLAN3189_via_1388,metric,10,
SNETBIB82_VLAN3189_via_1388,admin-dist,10,
SNETBIB163_VLAN_3275_via_1473,destination,10.164.56.0/25,
SNETBIB83_VLAN2921_via_1389,nexthop,ip-address,10.160.61.241
SNETBIB83_VLAN2921_via_1389,bfd,profile,None
SNETBIB83_VLAN2921_via_1389,path-monitor,enable,no
SNETBIB83_VLAN2921_via_1389,path-monitor,failure-condition,any
SNETBIB83_VLAN2921_via_1389,path-monitor,hold-time,2
SNETBIB83_VLAN2921_via_1389,interface,ethernet1/22.66,
SNETBIB83_VLAN2921_via_1389,metric,10,
SNETBIB83_VLAN2921_via_1389,admin-dist,10,
SNETBIB164_VLAN_3276_via_1474,destination,10.164.60.0/22,
SNETBIB83_VLAN253_via_1389,nexthop,ip-address,10.160.61.241
SNETBIB83_VLAN253_via_1389,bfd,profile,None
SNETBIB83_VLAN253_via_1389,path-monitor,enable,no
SNETBIB83_VLAN253_via_1389,path-monitor,failure-condition,any
SNETBIB83_VLAN253_via_1389,path-monitor,hold-time,2
SNETBIB83_VLAN253_via_1389,interface,ethernet1/22.66,
SNETBIB83_VLAN253_via_1389,metric,10,
SNETBIB83_VLAN253_via_1389,admin-dist,10,
SNETBIB165_VLAN_3278_via_1475,destination,10.160.118.0/24,
SNETBIB45_VLAN_3149_via_1203,nexthop,ip-address,10.160.57.241
SNETBIB45_VLAN_3149_via_1203,bfd,profile,None
SNETBIB45_VLAN_3149_via_1203,path-monitor,enable,no
SNETBIB45_VLAN_3149_via_1203,path-monitor,failure-condition,any
SNETBIB45_VLAN_3149_via_1203,path-monitor,hold-time,2
SNETBIB45_VLAN_3149_via_1203,interface,ethernet1/22.67,
SNETBIB45_VLAN_3149_via_1203,metric,10,
SNETBIB45_VLAN_3149_via_1203,admin-dist,10,
SNETBIB165_VLAN_3279_via_1475,destination,10.160.119.0/24,
SNETBIB84_VLAN_258_via_1217,nexthop,ip-address,10.160.61.161
SNETBIB84_VLAN_258_via_1217,bfd,profile,None
SNETBIB84_VLAN_258_via_1217,path-monitor,enable,no
SNETBIB84_VLAN_258_via_1217,path-monitor,failure-condition,any
SNETBIB84_VLAN_258_via_1217,path-monitor,hold-time,2
SNETBIB84_VLAN_258_via_1217,interface,ethernet1/22.68,
SNETBIB84_VLAN_258_via_1217,metric,10,
SNETBIB84_VLAN_258_via_1217,admin-dist,10,
SNETBIB166_VLAN_3283_via_1476,destination,10.164.64.0/25,
SNETBIB87_VLAN_3191_via_1392,nexthop,ip-address,10.160.62.33
SNETBIB87_VLAN_3191_via_1392,bfd,profile,None
SNETBIB87_VLAN_3191_via_1392,path-monitor,enable,no
SNETBIB87_VLAN_3191_via_1392,path-monitor,failure-condition,any
SNETBIB87_VLAN_3191_via_1392,path-monitor,hold-time,2
SNETBIB87_VLAN_3191_via_1392,interface,ethernet1/22.71,
SNETBIB87_VLAN_3191_via_1392,metric,10,
SNETBIB87_VLAN_3191_via_1392,admin-dist,10,
SNETBIB17_VLAN_2920_via_1195,destination,10.167.218.0/26,
SNETBIB46_VLAN_3150_via_1224,nexthop,ip-address,10.160.59.65
SNETBIB46_VLAN_3150_via_1224,bfd,profile,None
SNETBIB46_VLAN_3150_via_1224,path-monitor,enable,no
SNETBIB46_VLAN_3150_via_1224,path-monitor,failure-condition,any
SNETBIB46_VLAN_3150_via_1224,path-monitor,hold-time,2
SNETBIB46_VLAN_3150_via_1224,interface,ethernet1/22.72,
SNETBIB46_VLAN_3150_via_1224,metric,10,
SNETBIB46_VLAN_3150_via_1224,admin-dist,10,
SNETBIB18_VLAN_28_via_1196,destination,148.192.28.0/23,
SNETBIB89_VLAN_3193_via_1394,nexthop,ip-address,10.160.62.65
SNETBIB89_VLAN_3193_via_1394,bfd,profile,None
SNETBIB89_VLAN_3193_via_1394,path-monitor,enable,no
SNETBIB89_VLAN_3193_via_1394,path-monitor,failure-condition,any
SNETBIB89_VLAN_3193_via_1394,path-monitor,hold-time,2
SNETBIB89_VLAN_3193_via_1394,interface,ethernet1/22.73,
SNETBIB89_VLAN_3193_via_1394,metric,10,
SNETBIB89_VLAN_3193_via_1394,admin-dist,10,
SNETBIB19_VLAN_3500_via_1197,destination,10.163.0.0/18,
SNETBIB97_VLAN_3201_via_1402,nexthop,ip-address,10.160.62.193
SNETBIB97_VLAN_3201_via_1402,bfd,profile,None
SNETBIB97_VLAN_3201_via_1402,path-monitor,enable,no
SNETBIB97_VLAN_3201_via_1402,path-monitor,failure-condition,any
SNETBIB97_VLAN_3201_via_1402,path-monitor,hold-time,2
SNETBIB97_VLAN_3201_via_1402,interface,ethernet1/22.74,
SNETBIB97_VLAN_3201_via_1402,metric,10,
SNETBIB97_VLAN_3201_via_1402,admin-dist,10,
SNETBIB19_VLAN_3501_via_1197,destination,10.163.128.0/18,
SNETBIB91_VLAN_3195_via_1396,nexthop,ip-address,10.160.62.97
SNETBIB91_VLAN_3195_via_1396,bfd,profile,None
SNETBIB91_VLAN_3195_via_1396,path-monitor,enable,no
SNETBIB91_VLAN_3195_via_1396,path-monitor,failure-condition,any
SNETBIB91_VLAN_3195_via_1396,path-monitor,hold-time,2
SNETBIB91_VLAN_3195_via_1396,interface,ethernet1/22.75,
SNETBIB91_VLAN_3195_via_1396,metric,10,
SNETBIB91_VLAN_3195_via_1396,admin-dist,10,
SNETBIB19_VLAN_3502_via_1197,destination,10.160.73.0/26,
SNETBIB102_VLAN_1408_via_1409,nexthop,ip-address,10.160.63.1
SNETBIB102_VLAN_1408_via_1409,bfd,profile,None
SNETBIB102_VLAN_1408_via_1409,path-monitor,enable,no
SNETBIB102_VLAN_1408_via_1409,path-monitor,failure-condition,any
SNETBIB102_VLAN_1408_via_1409,path-monitor,hold-time,2
SNETBIB102_VLAN_1408_via_1409,interface,ethernet1/22.76,
SNETBIB102_VLAN_1408_via_1409,metric,10,
SNETBIB102_VLAN_1408_via_1409,admin-dist,10,
SNETBIB20_VLAN_3124_via_1198,destination,10.167.182.0/25,
SNETBIB103_VLAN_23_via_1410,nexthop,ip-address,10.160.63.17
SNETBIB103_VLAN_23_via_1410,bfd,profile,None
SNETBIB103_VLAN_23_via_1410,path-monitor,enable,no
SNETBIB103_VLAN_23_via_1410,path-monitor,failure-condition,any
SNETBIB103_VLAN_23_via_1410,path-monitor,hold-time,2
SNETBIB103_VLAN_23_via_1410,interface,ethernet1/22.77,
SNETBIB103_VLAN_23_via_1410,metric,10,
SNETBIB103_VLAN_23_via_1410,admin-dist,10,
SNETBIB21_VLAN_3125_via_1199,destination,10.167.182.128/25,
SNETBIB104_VLAN3207_via_1411,nexthop,ip-address,10.160.63.33
SNETBIB104_VLAN3207_via_1411,bfd,profile,None
SNETBIB104_VLAN3207_via_1411,path-monitor,enable,no
SNETBIB104_VLAN3207_via_1411,path-monitor,failure-condition,any
SNETBIB104_VLAN3207_via_1411,path-monitor,hold-time,2
SNETBIB104_VLAN3207_via_1411,interface,ethernet1/22.78,
SNETBIB104_VLAN3207_via_1411,metric,10,
SNETBIB104_VLAN3207_via_1411,admin-dist,10,
SNETBIB22_VLAN_3126_via_1200,destination,10.167.183.0/25,
SNETBIB76_VLAN2914_via_1381,nexthop,ip-address,10.160.61.65
SNETBIB76_VLAN2914_via_1381,bfd,profile,None
SNETBIB76_VLAN2914_via_1381,path-monitor,enable,no
SNETBIB76_VLAN2914_via_1381,path-monitor,failure-condition,any
SNETBIB76_VLAN2914_via_1381,path-monitor,hold-time,2
SNETBIB76_VLAN2914_via_1381,interface,ethernet1/22.64,
SNETBIB76_VLAN2914_via_1381,metric,10,
SNETBIB76_VLAN2914_via_1381,admin-dist,10,
SNETBIB23_VLAN_3127_via_1201,destination,10.167.183.128/25,
SNETBIB76_VLAN3088_via_1381,nexthop,ip-address,10.160.61.65
SNETBIB76_VLAN3088_via_1381,bfd,profile,None
SNETBIB76_VLAN3088_via_1381,path-monitor,enable,no
SNETBIB76_VLAN3088_via_1381,path-monitor,failure-condition,any
SNETBIB76_VLAN3088_via_1381,path-monitor,hold-time,2
SNETBIB76_VLAN3088_via_1381,interface,ethernet1/22.64,
SNETBIB76_VLAN3088_via_1381,metric,10,
SNETBIB76_VLAN3088_via_1381,admin-dist,10,
SNETBIB24_VLAN_3128_via_1202,destination,10.167.184.0/25,
SNETBIB76_VLAN3089_via_1381,nexthop,ip-address,10.160.61.65
SNETBIB76_VLAN3089_via_1381,bfd,profile,None
SNETBIB76_VLAN3089_via_1381,path-monitor,enable,no
SNETBIB76_VLAN3089_via_1381,path-monitor,failure-condition,any
SNETBIB76_VLAN3089_via_1381,path-monitor,hold-time,2
SNETBIB76_VLAN3089_via_1381,interface,ethernet1/22.64,
SNETBIB76_VLAN3089_via_1381,metric,10,
SNETBIB76_VLAN3089_via_1381,admin-dist,10,
SNETBIB26_VLAN_3130_via_1204,destination,10.167.185.0/25,
SNETBIB76_VLAN3090_via_1381,nexthop,ip-address,10.160.61.65
SNETBIB76_VLAN3090_via_1381,bfd,profile,None
SNETBIB76_VLAN3090_via_1381,path-monitor,enable,no
SNETBIB76_VLAN3090_via_1381,path-monitor,failure-condition,any
SNETBIB76_VLAN3090_via_1381,path-monitor,hold-time,2
SNETBIB76_VLAN3090_via_1381,interface,ethernet1/22.64,
SNETBIB76_VLAN3090_via_1381,metric,10,
SNETBIB76_VLAN3090_via_1381,admin-dist,10,
SNETBIB27_VLAN_3131_via_1205,destination,10.167.185.128/25,
SNETBIB106_VLAN3209_via_1413,nexthop,ip-address,10.160.63.65
SNETBIB106_VLAN3209_via_1413,bfd,profile,None
SNETBIB106_VLAN3209_via_1413,path-monitor,enable,no
SNETBIB106_VLAN3209_via_1413,path-monitor,failure-condition,any
SNETBIB106_VLAN3209_via_1413,path-monitor,hold-time,2
SNETBIB106_VLAN3209_via_1413,interface,ethernet1/22.80,
SNETBIB106_VLAN3209_via_1413,metric,10,
SNETBIB106_VLAN3209_via_1413,admin-dist,10,
SNETBIB28_VLAN_3132_via_1206,destination,10.167.186.0/25,
SNETBIB105_VLAN3208_via_1412,nexthop,ip-address,10.160.63.49
SNETBIB105_VLAN3208_via_1412,bfd,profile,None
SNETBIB105_VLAN3208_via_1412,path-monitor,enable,no
SNETBIB105_VLAN3208_via_1412,path-monitor,failure-condition,any
SNETBIB105_VLAN3208_via_1412,path-monitor,hold-time,2
SNETBIB105_VLAN3208_via_1412,interface,ethernet1/22.79,
SNETBIB105_VLAN3208_via_1412,metric,10,
SNETBIB105_VLAN3208_via_1412,admin-dist,10,
SNETBIB29_VLAN_3133_via_1207,destination,10.167.186.128/25,
SNETBIB107_VLAN_3210_via_1414,nexthop,ip-address,10.160.63.97
SNETBIB107_VLAN_3210_via_1414,bfd,profile,None
SNETBIB107_VLAN_3210_via_1414,path-monitor,enable,no
SNETBIB107_VLAN_3210_via_1414,path-monitor,failure-condition,any
SNETBIB107_VLAN_3210_via_1414,path-monitor,hold-time,2
SNETBIB107_VLAN_3210_via_1414,interface,ethernet1/22.81,
SNETBIB107_VLAN_3210_via_1414,metric,10,
SNETBIB107_VLAN_3210_via_1414,admin-dist,10,
SNETBIB30_VLAN_3134_via_1208,destination,10.167.187.0/25,
SNETBIB33_VLAN_3137_via_1211,nexthop,ip-address,10.160.58.113
SNETBIB33_VLAN_3137_via_1211,bfd,profile,None
SNETBIB33_VLAN_3137_via_1211,path-monitor,enable,no
SNETBIB33_VLAN_3137_via_1211,path-monitor,failure-condition,any
SNETBIB33_VLAN_3137_via_1211,path-monitor,hold-time,2
SNETBIB33_VLAN_3137_via_1211,interface,ethernet1/22.82,
SNETBIB33_VLAN_3137_via_1211,metric,10,
SNETBIB33_VLAN_3137_via_1211,admin-dist,10,
SNETBIB31_VLAN3135_via_1209,destination,10.167.187.128/25,
SNETBIB19_VLAN_3502_via_1197,nexthop,ip-address,10.160.57.145
SNETBIB19_VLAN_3502_via_1197,bfd,profile,None
SNETBIB19_VLAN_3502_via_1197,path-monitor,enable,no
SNETBIB19_VLAN_3502_via_1197,path-monitor,failure-condition,any
SNETBIB19_VLAN_3502_via_1197,path-monitor,hold-time,2
SNETBIB19_VLAN_3502_via_1197,interface,ethernet1/22.7,
SNETBIB19_VLAN_3502_via_1197,metric,10,
SNETBIB19_VLAN_3502_via_1197,admin-dist,10,
SNETBIB32_VLAN_3136_via_1210,destination,10.167.188.0/25,
SNETBIB103_VLAN_22_via_1410test,nexthop,ip-address,10.160.63.17
SNETBIB103_VLAN_22_via_1410test,bfd,profile,None
SNETBIB103_VLAN_22_via_1410test,path-monitor,enable,no
SNETBIB103_VLAN_22_via_1410test,path-monitor,failure-condition,any
SNETBIB103_VLAN_22_via_1410test,path-monitor,hold-time,2
SNETBIB103_VLAN_22_via_1410test,interface,ethernet1/22.77,
SNETBIB103_VLAN_22_via_1410test,metric,10,
SNETBIB103_VLAN_22_via_1410test,admin-dist,10,
SNETBIB33_VLAN_3137_via_1211,destination,10.167.188.128/25,
SNETBIB93_VLAN_3197_via_1398,nexthop,ip-address,10.160.62.129
SNETBIB93_VLAN_3197_via_1398,bfd,profile,None
SNETBIB93_VLAN_3197_via_1398,path-monitor,enable,no
SNETBIB93_VLAN_3197_via_1398,path-monitor,failure-condition,any
SNETBIB93_VLAN_3197_via_1398,path-monitor,hold-time,2
SNETBIB93_VLAN_3197_via_1398,interface,ethernet1/22.83,
SNETBIB93_VLAN_3197_via_1398,metric,10,
SNETBIB93_VLAN_3197_via_1398,admin-dist,10,
SNETBIB34_VLAN_3138_via_1212,destination,10.167.189.0/25,
SNETBIB51_VLAN_3211_via_1229,nexthop,ip-address,10.160.59.145
SNETBIB51_VLAN_3211_via_1229,bfd,profile,None
SNETBIB51_VLAN_3211_via_1229,path-monitor,enable,no
SNETBIB51_VLAN_3211_via_1229,path-monitor,failure-condition,any
SNETBIB51_VLAN_3211_via_1229,path-monitor,hold-time,2
SNETBIB51_VLAN_3211_via_1229,interface,ethernet1/22.16,
SNETBIB51_VLAN_3211_via_1229,metric,10,
SNETBIB51_VLAN_3211_via_1229,admin-dist,10,
SNETBIB35_VLAN_3139_via_1312,destination,10.167.189.128/25,
SNETBIB104_VLAN3212_via_1411,nexthop,ip-address,10.160.63.33
SNETBIB104_VLAN3212_via_1411,bfd,profile,None
SNETBIB104_VLAN3212_via_1411,path-monitor,enable,no
SNETBIB104_VLAN3212_via_1411,path-monitor,failure-condition,any
SNETBIB104_VLAN3212_via_1411,path-monitor,hold-time,2
SNETBIB104_VLAN3212_via_1411,interface,ethernet1/22.78,
SNETBIB104_VLAN3212_via_1411,metric,10,
SNETBIB104_VLAN3212_via_1411,admin-dist,10,
SNETBIB36_VLAN_3140_via_1214,destination,10.167.190.0/25,
SNETBIB107_VLAN_3213_via_1414,nexthop,ip-address,10.160.63.97
SNETBIB107_VLAN_3213_via_1414,bfd,profile,None
SNETBIB107_VLAN_3213_via_1414,path-monitor,enable,no
SNETBIB107_VLAN_3213_via_1414,path-monitor,failure-condition,any
SNETBIB107_VLAN_3213_via_1414,path-monitor,hold-time,2
SNETBIB107_VLAN_3213_via_1414,interface,ethernet1/22.81,
SNETBIB107_VLAN_3213_via_1414,metric,10,
SNETBIB107_VLAN_3213_via_1414,admin-dist,10,
SNETBIB37_VLAN_3141_via_1215,destination,10.167.190.128/25,
SNETBIB62_VLAN_3214_via_1366,nexthop,ip-address,10.160.60.81
SNETBIB62_VLAN_3214_via_1366,bfd,profile,None
SNETBIB62_VLAN_3214_via_1366,path-monitor,enable,no
SNETBIB62_VLAN_3214_via_1366,path-monitor,failure-condition,any
SNETBIB62_VLAN_3214_via_1366,path-monitor,hold-time,2
SNETBIB62_VLAN_3214_via_1366,interface,ethernet1/22.30,
SNETBIB62_VLAN_3214_via_1366,metric,10,
SNETBIB62_VLAN_3214_via_1366,admin-dist,10,
SNETBIB37_VLAN_3236_via_1215,destination,10.160.74.224/27,
SNETBIB108_VLAN_3215_via_1415,nexthop,ip-address,10.160.63.113
SNETBIB108_VLAN_3215_via_1415,bfd,profile,None
SNETBIB108_VLAN_3215_via_1415,path-monitor,enable,no
SNETBIB108_VLAN_3215_via_1415,path-monitor,failure-condition,any
SNETBIB108_VLAN_3215_via_1415,path-monitor,hold-time,2
SNETBIB108_VLAN_3215_via_1415,interface,ethernet1/22.84,
SNETBIB108_VLAN_3215_via_1415,metric,10,
SNETBIB108_VLAN_3215_via_1415,admin-dist,10,
SNETBIB38_Vlan3142_via_1216,destination,10.167.191.0/24,
SNETBIB88_VLAN_3192_via_1393,nexthop,ip-address,10.160.62.49
SNETBIB88_VLAN_3192_via_1393,bfd,profile,None
SNETBIB88_VLAN_3192_via_1393,path-monitor,enable,no
SNETBIB88_VLAN_3192_via_1393,path-monitor,failure-condition,any
SNETBIB88_VLAN_3192_via_1393,path-monitor,hold-time,2
SNETBIB88_VLAN_3192_via_1393,interface,ethernet1/22.85,
SNETBIB88_VLAN_3192_via_1393,metric,10,
SNETBIB88_VLAN_3192_via_1393,admin-dist,10,
SNETBIB40_VLAN_3144_via_1218,destination,10.167.192.0/25,
SNETBIB95_VLAN_3199_via_1400,nexthop,ip-address,10.160.62.161
SNETBIB95_VLAN_3199_via_1400,bfd,profile,None
SNETBIB95_VLAN_3199_via_1400,path-monitor,enable,no
SNETBIB95_VLAN_3199_via_1400,path-monitor,failure-condition,any
SNETBIB95_VLAN_3199_via_1400,path-monitor,hold-time,2
SNETBIB95_VLAN_3199_via_1400,interface,ethernet1/22.86,
SNETBIB95_VLAN_3199_via_1400,metric,10,
SNETBIB95_VLAN_3199_via_1400,admin-dist,10,
SNETBIB41_VLAN_3187_via_1219,destination,10.167.192.128/25,
SNETBIB109_VLAN_3216_via_1416,nexthop,ip-address,10.160.63.129
SNETBIB109_VLAN_3216_via_1416,bfd,profile,None
SNETBIB109_VLAN_3216_via_1416,path-monitor,enable,no
SNETBIB109_VLAN_3216_via_1416,path-monitor,failure-condition,any
SNETBIB109_VLAN_3216_via_1416,path-monitor,hold-time,2
SNETBIB109_VLAN_3216_via_1416,interface,ethernet1/22.87,
SNETBIB109_VLAN_3216_via_1416,metric,10,
SNETBIB109_VLAN_3216_via_1416,admin-dist,10,
SNETBIB42_VLAN_3146_via_1220,destination,10.167.193.0/25,
SNETBIB110_VLAN_3217_via_1417,nexthop,ip-address,10.160.63.145
SNETBIB110_VLAN_3217_via_1417,bfd,profile,None
SNETBIB110_VLAN_3217_via_1417,path-monitor,enable,no
SNETBIB110_VLAN_3217_via_1417,path-monitor,failure-condition,any
SNETBIB110_VLAN_3217_via_1417,path-monitor,hold-time,2
SNETBIB110_VLAN_3217_via_1417,interface,ethernet1/22.88,
SNETBIB110_VLAN_3217_via_1417,metric,10,
SNETBIB110_VLAN_3217_via_1417,admin-dist,10,
SNETBIB43_VLAN_3147_via_1221,destination,10.167.193.128/25,
SNETBIB111_VLAN_234_via_1418,nexthop,ip-address,10.160.63.161
SNETBIB111_VLAN_234_via_1418,bfd,profile,None
SNETBIB111_VLAN_234_via_1418,path-monitor,enable,no
SNETBIB111_VLAN_234_via_1418,path-monitor,failure-condition,any
SNETBIB111_VLAN_234_via_1418,path-monitor,hold-time,2
SNETBIB111_VLAN_234_via_1418,interface,ethernet1/22.89,
SNETBIB111_VLAN_234_via_1418,metric,10,
SNETBIB111_VLAN_234_via_1418,admin-dist,10,
SNETBIB44_VLAN_3148_via_1222,destination,10.167.194.0/25,
SNETBIB111_VLAN_234_via_1418,route-table,unicast,
SNETBIB112_PLS_G104 _via_1419,nexthop,ip-address,10.160.63.177
SNETBIB112_PLS_G104 _via_1419,bfd,profile,None
SNETBIB112_PLS_G104 _via_1419,path-monitor,enable,no
SNETBIB112_PLS_G104 _via_1419,path-monitor,failure-condition,any
SNETBIB112_PLS_G104 _via_1419,path-monitor,hold-time,2
SNETBIB112_PLS_G104 _via_1419,interface,ethernet1/22.90,
SNETBIB112_PLS_G104 _via_1419,metric,10,
SNETBIB112_PLS_G104 _via_1419,admin-dist,10,
SNETBIB45_VLAN_3149_via_1203,destination,10.167.194.128/25,
SNETBIB112_PLS_G104 _via_1419,route-table,unicast,
SNETBIB113_PLS_H84_via_1420,nexthop,ip-address,10.160.63.193
SNETBIB113_PLS_H84_via_1420,bfd,profile,None
SNETBIB113_PLS_H84_via_1420,path-monitor,enable,no
SNETBIB113_PLS_H84_via_1420,path-monitor,failure-condition,any
SNETBIB113_PLS_H84_via_1420,path-monitor,hold-time,2
SNETBIB113_PLS_H84_via_1420,interface,ethernet1/22.91,
SNETBIB113_PLS_H84_via_1420,metric,10,
SNETBIB113_PLS_H84_via_1420,admin-dist,10,
SNETBIB46_VLAN_3150_via_1224,destination,10.167.195.0/25,
SNETBIB113_PLS_H84_via_1420,route-table,unicast,
SNETBIB113_PLS_H84_1_via_1420,nexthop,ip-address,10.160.63.193
SNETBIB113_PLS_H84_1_via_1420,bfd,profile,None
SNETBIB113_PLS_H84_1_via_1420,path-monitor,enable,no
SNETBIB113_PLS_H84_1_via_1420,path-monitor,failure-condition,any
SNETBIB113_PLS_H84_1_via_1420,path-monitor,hold-time,2
SNETBIB113_PLS_H84_1_via_1420,interface,ethernet1/22.91,
SNETBIB113_PLS_H84_1_via_1420,metric,10,
SNETBIB113_PLS_H84_1_via_1420,admin-dist,10,
SNETBIB48_VLAN_3152_via_1226,destination,10.167.196.0/25,
SNETBIB113_PLS_H84_1_via_1420,route-table,unicast,
SNETBIB113_PLS_H84_2_via_1420,nexthop,ip-address,10.160.63.193
SNETBIB113_PLS_H84_2_via_1420,bfd,profile,None
SNETBIB113_PLS_H84_2_via_1420,path-monitor,enable,no
SNETBIB113_PLS_H84_2_via_1420,path-monitor,failure-condition,any
SNETBIB113_PLS_H84_2_via_1420,path-monitor,hold-time,2
SNETBIB113_PLS_H84_2_via_1420,interface,ethernet1/22.91,
SNETBIB113_PLS_H84_2_via_1420,metric,10,
SNETBIB113_PLS_H84_2_via_1420,admin-dist,10,
SNETBIB49_VLAN_3226_via_1425,destination,10.167.196.128/25,
SNETBIB113_PLS_H84_2_via_1420,route-table,unicast,
SNETBIB114_ PLS_G85_via_1421,nexthop,ip-address,10.160.63.209
SNETBIB114_ PLS_G85_via_1421,bfd,profile,None
SNETBIB114_ PLS_G85_via_1421,path-monitor,enable,no
SNETBIB114_ PLS_G85_via_1421,path-monitor,failure-condition,any
SNETBIB114_ PLS_G85_via_1421,path-monitor,hold-time,2
SNETBIB114_ PLS_G85_via_1421,interface,ethernet1/22.92,
SNETBIB114_ PLS_G85_via_1421,metric,10,
SNETBIB114_ PLS_G85_via_1421,admin-dist,10,
SNETBIB50_VLAN_257_via_1228,destination,148.192.25.64/27,
SNETBIB114_ PLS_G85_via_1421,route-table,unicast,
SNETBIB114_ PLS_G85_1_via_1421,nexthop,ip-address,10.160.63.209
SNETBIB114_ PLS_G85_1_via_1421,bfd,profile,None
SNETBIB114_ PLS_G85_1_via_1421,path-monitor,enable,no
SNETBIB114_ PLS_G85_1_via_1421,path-monitor,failure-condition,any
SNETBIB114_ PLS_G85_1_via_1421,path-monitor,hold-time,2
SNETBIB114_ PLS_G85_1_via_1421,interface,ethernet1/22.92,
SNETBIB114_ PLS_G85_1_via_1421,metric,10,
SNETBIB114_ PLS_G85_1_via_1421,admin-dist,10,
SNETBIB50_VLAN_265_via_1228,destination,148.192.26.96/27,
SNETBIB114_ PLS_G85_1_via_1421,route-table,unicast,
SNETBIB90_VLAN_3194_via_1395,nexthop,ip-address,10.160.62.81
SNETBIB90_VLAN_3194_via_1395,bfd,profile,None
SNETBIB90_VLAN_3194_via_1395,path-monitor,enable,no
SNETBIB90_VLAN_3194_via_1395,path-monitor,failure-condition,any
SNETBIB90_VLAN_3194_via_1395,path-monitor,hold-time,2
SNETBIB90_VLAN_3194_via_1395,interface,ethernet1/22.93,
SNETBIB90_VLAN_3194_via_1395,metric,10,
SNETBIB90_VLAN_3194_via_1395,admin-dist,10,
SNETBIB50_VLAN_3184_via_1228,destination,10.167.207.0/25,
SNETBIB90_VLAN_3194_via_1395,route-table,unicast,
SNETBIB81_VLAN_3095_via_1387,nexthop,ip-address,10.160.61.177
SNETBIB81_VLAN_3095_via_1387,bfd,profile,None
SNETBIB81_VLAN_3095_via_1387,path-monitor,enable,no
SNETBIB81_VLAN_3095_via_1387,path-monitor,failure-condition,any
SNETBIB81_VLAN_3095_via_1387,path-monitor,hold-time,2
SNETBIB81_VLAN_3095_via_1387,interface,ethernet1/22.59,
SNETBIB81_VLAN_3095_via_1387,metric,10,
SNETBIB81_VLAN_3095_via_1387,admin-dist,10,
SNETBIB51_VLAN_3083_via_1229,destination,10.167.176.224/27,
SNETBIB81_VLAN_3095_via_1387,route-table,unicast,
SNETBIB113_PLS_H84_3_via_1420,nexthop,ip-address,10.160.63.193
SNETBIB113_PLS_H84_3_via_1420,bfd,profile,None
SNETBIB113_PLS_H84_3_via_1420,path-monitor,enable,no
SNETBIB113_PLS_H84_3_via_1420,path-monitor,failure-condition,any
SNETBIB113_PLS_H84_3_via_1420,path-monitor,hold-time,2
SNETBIB113_PLS_H84_3_via_1420,interface,ethernet1/22.91,
SNETBIB113_PLS_H84_3_via_1420,metric,10,
SNETBIB113_PLS_H84_3_via_1420,admin-dist,10,
SNETBIB51_VLAN_3154_via_1229,destination,10.167.197.0/25,
SNETBIB113_PLS_H84_3_via_1420,route-table,unicast,
SNETBIB100_VLAN_3204_via_1405,nexthop,ip-address,10.160.62.241
SNETBIB100_VLAN_3204_via_1405,bfd,profile,None
SNETBIB100_VLAN_3204_via_1405,path-monitor,enable,no
SNETBIB100_VLAN_3204_via_1405,path-monitor,failure-condition,any
SNETBIB100_VLAN_3204_via_1405,path-monitor,hold-time,2
SNETBIB100_VLAN_3204_via_1405,interface,ethernet1/22.94,
SNETBIB100_VLAN_3204_via_1405,metric,10,
SNETBIB100_VLAN_3204_via_1405,admin-dist,10,
SNETBIB51_VLAN_3209_via_1229,destination,10.160.63.224/28,
SNETBIB100_VLAN_3204_via_1405,route-table,unicast,
SNETBIB92_VLAN_3196_via_1397,nexthop,ip-address,10.160.62.113
SNETBIB92_VLAN_3196_via_1397,bfd,profile,None
SNETBIB92_VLAN_3196_via_1397,path-monitor,enable,no
SNETBIB92_VLAN_3196_via_1397,path-monitor,failure-condition,any
SNETBIB92_VLAN_3196_via_1397,path-monitor,hold-time,2
SNETBIB92_VLAN_3196_via_1397,interface,ethernet1/22.95,
SNETBIB92_VLAN_3196_via_1397,metric,10,
SNETBIB92_VLAN_3196_via_1397,admin-dist,10,
SNETBIB51_VLAN_3211_via_1229,destination,10.167.224.0/26,
SNETBIB92_VLAN_3196_via_1397,route-table,unicast,
SNETBIB96_VLAN_3200_via_1401,nexthop,ip-address,10.160.62.177
SNETBIB96_VLAN_3200_via_1401,bfd,profile,None
SNETBIB96_VLAN_3200_via_1401,path-monitor,enable,no
SNETBIB96_VLAN_3200_via_1401,path-monitor,failure-condition,any
SNETBIB96_VLAN_3200_via_1401,path-monitor,hold-time,2
SNETBIB96_VLAN_3200_via_1401,interface,ethernet1/22.96,
SNETBIB96_VLAN_3200_via_1401,metric,10,
SNETBIB96_VLAN_3200_via_1401,admin-dist,10,
SNETBIB52_VLAN_3087_via_1231,destination,10.167.177.96/27,
SNETBIB96_VLAN_3200_via_1401,route-table,unicast,
SNETBIB51_VLAN_3209_via_1229,nexthop,ip-address,10.160.59.145
SNETBIB51_VLAN_3209_via_1229,bfd,profile,None
SNETBIB51_VLAN_3209_via_1229,path-monitor,enable,no
SNETBIB51_VLAN_3209_via_1229,path-monitor,failure-condition,any
SNETBIB51_VLAN_3209_via_1229,path-monitor,hold-time,2
SNETBIB51_VLAN_3209_via_1229,interface,ethernet1/22.16,
SNETBIB51_VLAN_3209_via_1229,metric,10,
SNETBIB51_VLAN_3209_via_1229,admin-dist,10,
SNETBIB52_VLAN_3155_via_1231,destination,10.167.197.128/25,
SNETBIB51_VLAN_3209_via_1229,route-table,unicast,
SNETBIB75_VLAN_236_via_1380,nexthop,ip-address,10.160.61.49
SNETBIB75_VLAN_236_via_1380,bfd,profile,None
SNETBIB75_VLAN_236_via_1380,path-monitor,enable,no
SNETBIB75_VLAN_236_via_1380,path-monitor,failure-condition,any
SNETBIB75_VLAN_236_via_1380,path-monitor,hold-time,2
SNETBIB75_VLAN_236_via_1380,interface,ethernet1/22.61,
SNETBIB75_VLAN_236_via_1380,metric,10,
SNETBIB75_VLAN_236_via_1380,admin-dist,10,
SNETBIB53_VLAN_3156_via_1232,destination,10.167.198.0/25,
SNETBIB75_VLAN_236_via_1380,route-table,unicast,
SNETBIB98_VLAN_3221_via_1403,nexthop,ip-address,10.160.62.209
SNETBIB98_VLAN_3221_via_1403,bfd,profile,None
SNETBIB98_VLAN_3221_via_1403,path-monitor,enable,no
SNETBIB98_VLAN_3221_via_1403,path-monitor,failure-condition,any
SNETBIB98_VLAN_3221_via_1403,path-monitor,hold-time,2
SNETBIB98_VLAN_3221_via_1403,interface,ethernet1/22.97,
SNETBIB98_VLAN_3221_via_1403,metric,10,
SNETBIB98_VLAN_3221_via_1403,admin-dist,10,
SNETBIB54_VLAN_127_via_1233,destination,148.192.127.0/24,
SNETBIB98_VLAN_3221_via_1403,route-table,unicast,
SNETBIB115_VLAN_3222_via_1422,nexthop,ip-address,10.160.63.241
SNETBIB115_VLAN_3222_via_1422,bfd,profile,None
SNETBIB115_VLAN_3222_via_1422,path-monitor,enable,no
SNETBIB115_VLAN_3222_via_1422,path-monitor,failure-condition,any
SNETBIB115_VLAN_3222_via_1422,path-monitor,hold-time,2
SNETBIB115_VLAN_3222_via_1422,interface,ethernet1/22.98,
SNETBIB115_VLAN_3222_via_1422,metric,10,
SNETBIB115_VLAN_3222_via_1422,admin-dist,10,
SNETBIB55_VLAN_3157_via_1234,destination,10.167.198.128/25,
SNETBIB115_VLAN_3222_via_1422,route-table,unicast,
SNETBIB75_VLAN_237_via_1380,nexthop,ip-address,10.160.61.49
SNETBIB75_VLAN_237_via_1380,bfd,profile,None
SNETBIB75_VLAN_237_via_1380,path-monitor,enable,no
SNETBIB75_VLAN_237_via_1380,path-monitor,failure-condition,any
SNETBIB75_VLAN_237_via_1380,path-monitor,hold-time,2
SNETBIB75_VLAN_237_via_1380,interface,ethernet1/22.61,
SNETBIB75_VLAN_237_via_1380,metric,10,
SNETBIB75_VLAN_237_via_1380,admin-dist,10,
SNETBIB56_VLAN_3158_via_1360,destination,10.167.199.0/25,
SNETBIB75_VLAN_237_via_1380,route-table,unicast,
SNETBIB75_VLAN_238_via_1380,nexthop,ip-address,10.160.61.49
SNETBIB75_VLAN_238_via_1380,bfd,profile,None
SNETBIB75_VLAN_238_via_1380,path-monitor,enable,no
SNETBIB75_VLAN_238_via_1380,path-monitor,failure-condition,any
SNETBIB75_VLAN_238_via_1380,path-monitor,hold-time,2
SNETBIB75_VLAN_238_via_1380,interface,ethernet1/22.61,
SNETBIB75_VLAN_238_via_1380,metric,10,
SNETBIB75_VLAN_238_via_1380,admin-dist,10,
SNETBIB57_VLAN_149_via_1361,destination,148.192.149.0/24,
SNETBIB75_VLAN_238_via_1380,route-table,unicast,
SNETBIB117_VLAN_3224_via_1424,nexthop,ip-address,10.160.74.1
SNETBIB117_VLAN_3224_via_1424,bfd,profile,None
SNETBIB117_VLAN_3224_via_1424,path-monitor,enable,no
SNETBIB117_VLAN_3224_via_1424,path-monitor,failure-condition,any
SNETBIB117_VLAN_3224_via_1424,path-monitor,hold-time,2
SNETBIB117_VLAN_3224_via_1424,interface,ethernet1/22.100,
SNETBIB117_VLAN_3224_via_1424,metric,10,
SNETBIB117_VLAN_3224_via_1424,admin-dist,10,
SNETBIB58_VLAN_150_via1362,destination,148.192.150.0/24,
SNETBIB117_VLAN_3224_via_1424,route-table,unicast,
SNETBIB117_VLAN_3225_via_1424,nexthop,ip-address,10.160.74.1
SNETBIB117_VLAN_3225_via_1424,bfd,profile,None
SNETBIB117_VLAN_3225_via_1424,path-monitor,enable,no
SNETBIB117_VLAN_3225_via_1424,path-monitor,failure-condition,any
SNETBIB117_VLAN_3225_via_1424,path-monitor,hold-time,2
SNETBIB117_VLAN_3225_via_1424,interface,ethernet1/22.100,
SNETBIB117_VLAN_3225_via_1424,metric,10,
SNETBIB117_VLAN_3225_via_1424,admin-dist,10,
SNETBIB59_VLAN_100_via1386,destination,148.192.100.0/24,
SNETBIB117_VLAN_3225_via_1424,route-table,unicast,
SNETBIB49_VLAN_3226_via_1425,nexthop,ip-address,10.160.74.17
SNETBIB49_VLAN_3226_via_1425,bfd,profile,None
SNETBIB49_VLAN_3226_via_1425,path-monitor,enable,no
SNETBIB49_VLAN_3226_via_1425,path-monitor,failure-condition,any
SNETBIB49_VLAN_3226_via_1425,path-monitor,hold-time,2
SNETBIB49_VLAN_3226_via_1425,interface,ethernet1/22.101,
SNETBIB49_VLAN_3226_via_1425,metric,10,
SNETBIB49_VLAN_3226_via_1425,admin-dist,10,
SNETBIB59_VLAN_142_via1386,destination,148.192.142.0/24,
SNETBIB49_VLAN_3226_via_1425,route-table,unicast,
SNETBIB116_VLAN_3223_via_1423,nexthop,ip-address,10.160.73.65
SNETBIB116_VLAN_3223_via_1423,bfd,profile,None
SNETBIB116_VLAN_3223_via_1423,path-monitor,enable,no
SNETBIB116_VLAN_3223_via_1423,path-monitor,failure-condition,any
SNETBIB116_VLAN_3223_via_1423,path-monitor,hold-time,2
SNETBIB116_VLAN_3223_via_1423,interface,ethernet1/22.99,
SNETBIB116_VLAN_3223_via_1423,metric,10,
SNETBIB116_VLAN_3223_via_1423,admin-dist,10,
SNETBIB60_VLAN_3159_via_1364,destination,10.167.199.128/25,
SNETBIB116_VLAN_3223_via_1423,route-table,unicast,
SNETBIB119_VLAN_3227_via_1427,nexthop,ip-address,10.160.74.49
SNETBIB119_VLAN_3227_via_1427,bfd,profile,None
SNETBIB119_VLAN_3227_via_1427,path-monitor,enable,no
SNETBIB119_VLAN_3227_via_1427,path-monitor,failure-condition,any
SNETBIB119_VLAN_3227_via_1427,path-monitor,hold-time,2
SNETBIB119_VLAN_3227_via_1427,interface,ethernet1/22.102,
SNETBIB119_VLAN_3227_via_1427,metric,10,
SNETBIB119_VLAN_3227_via_1427,admin-dist,10,
SNETBIB61_VLAN_3160_via_1365,destination,10.167.200.0/25,
SNETBIB119_VLAN_3227_via_1427,route-table,unicast,
SNETBIB119_VLAN_3228_via_1427,nexthop,ip-address,10.160.74.49
SNETBIB119_VLAN_3228_via_1427,bfd,profile,None
SNETBIB119_VLAN_3228_via_1427,path-monitor,enable,no
SNETBIB119_VLAN_3228_via_1427,path-monitor,failure-condition,any
SNETBIB119_VLAN_3228_via_1427,path-monitor,hold-time,2
SNETBIB119_VLAN_3228_via_1427,interface,ethernet1/22.102,
SNETBIB119_VLAN_3228_via_1427,metric,10,
SNETBIB119_VLAN_3228_via_1427,admin-dist,10,
SNETBIB62_VLAN_3161_via_1366,destination,10.167.200.128/25,
SNETBIB119_VLAN_3228_via_1427,route-table,unicast,
SNETBIB121_VLAN_3229_via_1429,nexthop,ip-address,10.160.74.81
SNETBIB121_VLAN_3229_via_1429,bfd,profile,None
SNETBIB121_VLAN_3229_via_1429,path-monitor,enable,no
SNETBIB121_VLAN_3229_via_1429,path-monitor,failure-condition,any
SNETBIB121_VLAN_3229_via_1429,path-monitor,hold-time,2
SNETBIB121_VLAN_3229_via_1429,interface,ethernet1/22.104,
SNETBIB121_VLAN_3229_via_1429,metric,10,
SNETBIB121_VLAN_3229_via_1429,admin-dist,10,
SNETBIB62_VLAN_3171_via_1366,destination,10.167.204.160/27,
SNETBIB121_VLAN_3229_via_1429,route-table,unicast,
SNETBIB74_VLAN_3502_via_1428,nexthop,ip-address,10.160.74.65
SNETBIB74_VLAN_3502_via_1428,bfd,profile,None
SNETBIB74_VLAN_3502_via_1428,path-monitor,enable,no
SNETBIB74_VLAN_3502_via_1428,path-monitor,failure-condition,any
SNETBIB74_VLAN_3502_via_1428,path-monitor,hold-time,2
SNETBIB74_VLAN_3502_via_1428,interface,ethernet1/22.103,
SNETBIB74_VLAN_3502_via_1428,metric,10,
SNETBIB74_VLAN_3502_via_1428,admin-dist,10,
SNETBIB62_VLAN_3173_via_1366,destination,10.167.204.224/27,
SNETBIB74_VLAN_3502_via_1428,route-table,unicast,
SNETBIB122_VLAN_3231_via_1430,nexthop,ip-address,10.160.74.97
SNETBIB122_VLAN_3231_via_1430,bfd,profile,None
SNETBIB122_VLAN_3231_via_1430,path-monitor,enable,no
SNETBIB122_VLAN_3231_via_1430,path-monitor,failure-condition,any
SNETBIB122_VLAN_3231_via_1430,path-monitor,hold-time,2
SNETBIB122_VLAN_3231_via_1430,interface,ethernet1/22.106,
SNETBIB122_VLAN_3231_via_1430,metric,10,
SNETBIB122_VLAN_3231_via_1430,admin-dist,10,
SNETBIB62_VLAN_3174_via_1366,destination,10.167.205.96/27,
SNETBIB122_VLAN_3231_via_1430,route-table,unicast,
SNETBIB118_VLAN_3230_via_1426,nexthop,ip-address,10.160.74.33
SNETBIB118_VLAN_3230_via_1426,bfd,profile,None
SNETBIB118_VLAN_3230_via_1426,path-monitor,enable,no
SNETBIB118_VLAN_3230_via_1426,path-monitor,failure-condition,any
SNETBIB118_VLAN_3230_via_1426,path-monitor,hold-time,2
SNETBIB118_VLAN_3230_via_1426,interface,ethernet1/22.105,
SNETBIB118_VLAN_3230_via_1426,metric,10,
SNETBIB118_VLAN_3230_via_1426,admin-dist,10,
SNETBIB62_VLAN_3185_via_1366,destination,10.167.205.128/27,
SNETBIB118_VLAN_3230_via_1426,route-table,unicast,
SNETBIB124_VLAN_3235_via_1432,nexthop,ip-address,10.160.74.145
SNETBIB124_VLAN_3235_via_1432,bfd,profile,None
SNETBIB124_VLAN_3235_via_1432,path-monitor,enable,no
SNETBIB124_VLAN_3235_via_1432,path-monitor,failure-condition,any
SNETBIB124_VLAN_3235_via_1432,path-monitor,hold-time,2
SNETBIB124_VLAN_3235_via_1432,interface,ethernet1/22.107,
SNETBIB124_VLAN_3235_via_1432,metric,10,
SNETBIB124_VLAN_3235_via_1432,admin-dist,10,
SNETBIB62_VLAN_3214_via_1366,destination,10.167.221.64/26,
SNETBIB124_VLAN_3235_via_1432,route-table,unicast,
SNETBIB125_VLAN_3235_via_1433,nexthop,ip-address,10.160.74.129
SNETBIB125_VLAN_3235_via_1433,bfd,profile,None
SNETBIB125_VLAN_3235_via_1433,path-monitor,enable,no
SNETBIB125_VLAN_3235_via_1433,path-monitor,failure-condition,any
SNETBIB125_VLAN_3235_via_1433,path-monitor,hold-time,2
SNETBIB125_VLAN_3235_via_1433,interface,ethernet1/22.108,
SNETBIB125_VLAN_3235_via_1433,metric,10,
SNETBIB125_VLAN_3235_via_1433,admin-dist,10,
SNETBIB63_VLAN3162_via_1367,destination,10.167.201.0/25,
SNETBIB125_VLAN_3235_via_1433,route-table,unicast,
SNETBIB123_VLAN_3232_via_1431,nexthop,ip-address,10.160.74.113
SNETBIB123_VLAN_3232_via_1431,bfd,profile,None
SNETBIB123_VLAN_3232_via_1431,path-monitor,enable,no
SNETBIB123_VLAN_3232_via_1431,path-monitor,failure-condition,any
SNETBIB123_VLAN_3232_via_1431,path-monitor,hold-time,2
SNETBIB123_VLAN_3232_via_1431,interface,ethernet1/22.109,
SNETBIB123_VLAN_3232_via_1431,metric,10,
SNETBIB123_VLAN_3232_via_1431,admin-dist,10,
SNETBIB65_VLAN3164_via_1369,destination,10.167.202.0/25,
SNETBIB123_VLAN_3232_via_1431,route-table,unicast,
SNETBIB37_VLAN_3236_via_1215,nexthop,ip-address,10.160.58.177
SNETBIB37_VLAN_3236_via_1215,bfd,profile,None
SNETBIB37_VLAN_3236_via_1215,path-monitor,enable,no
SNETBIB37_VLAN_3236_via_1215,path-monitor,failure-condition,any
SNETBIB37_VLAN_3236_via_1215,path-monitor,hold-time,2
SNETBIB37_VLAN_3236_via_1215,interface,ethernet1/22.55,
SNETBIB37_VLAN_3236_via_1215,metric,10,
SNETBIB37_VLAN_3236_via_1215,admin-dist,10,
SNETBIB66_VLAN_3165_via_1371,destination,10.167.202.128/25,
SNETBIB37_VLAN_3236_via_1215,route-table,unicast,
SNETBIB125_VLAN_3237_via_1433,nexthop,ip-address,10.160.74.129
SNETBIB125_VLAN_3237_via_1433,bfd,profile,None
SNETBIB125_VLAN_3237_via_1433,path-monitor,enable,no
SNETBIB125_VLAN_3237_via_1433,path-monitor,failure-condition,any
SNETBIB125_VLAN_3237_via_1433,path-monitor,hold-time,2
SNETBIB125_VLAN_3237_via_1433,interface,ethernet1/22.108,
SNETBIB125_VLAN_3237_via_1433,metric,10,
SNETBIB125_VLAN_3237_via_1433,admin-dist,10,
SNETBIB67_VLAN_3166_via_1372,destination,10.167.203.0/25,
SNETBIB125_VLAN_3237_via_1433,route-table,unicast,
SNETBIB127_VLAN_3262_via_1435,nexthop,ip-address,10.160.74.161
SNETBIB127_VLAN_3262_via_1435,bfd,profile,None
SNETBIB127_VLAN_3262_via_1435,path-monitor,enable,no
SNETBIB127_VLAN_3262_via_1435,path-monitor,failure-condition,any
SNETBIB127_VLAN_3262_via_1435,path-monitor,hold-time,2
SNETBIB127_VLAN_3262_via_1435,interface,ethernet1/22.110,
SNETBIB127_VLAN_3262_via_1435,metric,10,
SNETBIB67_VLAN_3168_via_1372,destination,10.167.204.128/28,
SNETBIB128_VLAN_3238_via_1437,nexthop,ip-address,10.160.74.177
SNETBIB128_VLAN_3238_via_1437,bfd,profile,None
SNETBIB128_VLAN_3238_via_1437,path-monitor,enable,no
SNETBIB128_VLAN_3238_via_1437,path-monitor,failure-condition,any
SNETBIB128_VLAN_3238_via_1437,path-monitor,hold-time,2
SNETBIB128_VLAN_3238_via_1437,interface,ethernet1/22.111,
SNETBIB128_VLAN_3238_via_1437,metric,10,
SNETBIB67_VLAN_3169_via_1372,destination,10.167.204.144/28,
SNETBIB129_VLAN_3239_via_1438,nexthop,ip-address,10.160.75.65
SNETBIB129_VLAN_3239_via_1438,bfd,profile,None
SNETBIB129_VLAN_3239_via_1438,path-monitor,enable,no
SNETBIB129_VLAN_3239_via_1438,path-monitor,failure-condition,any
SNETBIB129_VLAN_3239_via_1438,path-monitor,hold-time,2
SNETBIB129_VLAN_3239_via_1438,interface,ethernet1/22.112,
SNETBIB129_VLAN_3239_via_1438,metric,10,
SNETBIB68_VLAN_3167_via_1373,destination,10.167.203.128/25,
SNETBIB130_VLAN_3240_via_1439,nexthop,ip-address,10.160.75.81
SNETBIB130_VLAN_3240_via_1439,bfd,profile,None
SNETBIB130_VLAN_3240_via_1439,path-monitor,enable,no
SNETBIB130_VLAN_3240_via_1439,path-monitor,failure-condition,any
SNETBIB130_VLAN_3240_via_1439,path-monitor,hold-time,2
SNETBIB130_VLAN_3240_via_1439,interface,ethernet1/22.113,
SNETBIB130_VLAN_3240_via_1439,metric,10,
SNETBIB69_VLAN_3170_via_1374,destination,10.167.204.0/25,
SNETBIB131_VLAN_3241_via_1440,nexthop,ip-address,10.160.75.97
SNETBIB131_VLAN_3241_via_1440,bfd,profile,None
SNETBIB131_VLAN_3241_via_1440,path-monitor,enable,no
SNETBIB131_VLAN_3241_via_1440,path-monitor,failure-condition,any
SNETBIB131_VLAN_3241_via_1440,path-monitor,hold-time,2
SNETBIB131_VLAN_3241_via_1440,interface,ethernet1/22.114,
SNETBIB131_VLAN_3241_via_1440,metric,10,
SNETBIB70_VLAN_3175_via_1375,destination,10.167.205.0/27,
SNETBIB132_VLAN_3242_via_1441,nexthop,ip-address,10.160.75.113
SNETBIB132_VLAN_3242_via_1441,bfd,profile,None
SNETBIB132_VLAN_3242_via_1441,path-monitor,enable,no
SNETBIB132_VLAN_3242_via_1441,path-monitor,failure-condition,any
SNETBIB132_VLAN_3242_via_1441,path-monitor,hold-time,2
SNETBIB132_VLAN_3242_via_1441,interface,ethernet1/22.115,
SNETBIB132_VLAN_3242_via_1441,metric,10,
SNETBIB70_VLAN_3176_via_1375,destination,10.167.205.32/27,
SNETBIB133_VLAN_3243_via_1442,nexthop,ip-address,10.160.75.129
SNETBIB133_VLAN_3243_via_1442,bfd,profile,None
SNETBIB133_VLAN_3243_via_1442,path-monitor,enable,no
SNETBIB133_VLAN_3243_via_1442,path-monitor,failure-condition,any
SNETBIB133_VLAN_3243_via_1442,path-monitor,hold-time,2
SNETBIB133_VLAN_3243_via_1442,interface,ethernet1/22.116,
SNETBIB133_VLAN_3243_via_1442,metric,10,
SNETBIB70_VLAN_3177_via_1375,destination,10.167.205.64/27,
SNETBIB133_VLAN_3243_via_1442,route-table,unicast,
SNETBIB134_VLAN_3244_via_1443,nexthop,ip-address,10.160.75.145
SNETBIB134_VLAN_3244_via_1443,bfd,profile,None
SNETBIB134_VLAN_3244_via_1443,path-monitor,enable,no
SNETBIB134_VLAN_3244_via_1443,path-monitor,failure-condition,any
SNETBIB134_VLAN_3244_via_1443,path-monitor,hold-time,2
SNETBIB134_VLAN_3244_via_1443,interface,ethernet1/22.117,
SNETBIB134_VLAN_3244_via_1443,metric,10,
SNETBIB71_VLAN3178_via_1376,destination,10.167.208.0/23,
SNETBIB135_VLAN_3245_via_1444,nexthop,ip-address,10.160.75.161
SNETBIB135_VLAN_3245_via_1444,bfd,profile,None
SNETBIB135_VLAN_3245_via_1444,path-monitor,enable,no
SNETBIB135_VLAN_3245_via_1444,path-monitor,failure-condition,any
SNETBIB135_VLAN_3245_via_1444,path-monitor,hold-time,2
SNETBIB135_VLAN_3245_via_1444,interface,ethernet1/22.118,
SNETBIB135_VLAN_3245_via_1444,metric,10,
SNETBIB71_VLAN3179_via_1376,destination,10.167.210.0/23,
SNETBIB136_VLAN_3246_via_1445,nexthop,ip-address,10.160.75.177
SNETBIB136_VLAN_3246_via_1445,bfd,profile,None
SNETBIB136_VLAN_3246_via_1445,path-monitor,enable,no
SNETBIB136_VLAN_3246_via_1445,path-monitor,failure-condition,any
SNETBIB136_VLAN_3246_via_1445,path-monitor,hold-time,2
SNETBIB136_VLAN_3246_via_1445,interface,ethernet1/22.119,
SNETBIB136_VLAN_3246_via_1445,metric,10,
SNETBIB71_VLAN3180_via_1376,destination,10.167.212.0/23,
SNETBIB137_VLAN_3247_via_1446,nexthop,ip-address,10.160.75.193
SNETBIB137_VLAN_3247_via_1446,bfd,profile,None
SNETBIB137_VLAN_3247_via_1446,path-monitor,enable,no
SNETBIB137_VLAN_3247_via_1446,path-monitor,failure-condition,any
SNETBIB137_VLAN_3247_via_1446,path-monitor,hold-time,2
SNETBIB137_VLAN_3247_via_1446,interface,ethernet1/22.120,
SNETBIB137_VLAN_3247_via_1446,metric,10,
SNETBIB71_VLAN3181_via_1376,destination,10.167.214.0/23,
SNETBIB138_VLAN_3248_via_1447,nexthop,ip-address,10.160.75.209
SNETBIB138_VLAN_3248_via_1447,bfd,profile,None
SNETBIB138_VLAN_3248_via_1447,path-monitor,enable,no
SNETBIB138_VLAN_3248_via_1447,path-monitor,failure-condition,any
SNETBIB138_VLAN_3248_via_1447,path-monitor,hold-time,2
SNETBIB138_VLAN_3248_via_1447,interface,ethernet1/22.121,
SNETBIB138_VLAN_3248_via_1447,metric,10,
SNETBIB71_VLAN3182_via_1376,destination,10.167.216.0/23,
SNETBIB139_VLAN_3249_via_1448,nexthop,ip-address,10.160.75.225
SNETBIB139_VLAN_3249_via_1448,bfd,profile,None
SNETBIB139_VLAN_3249_via_1448,path-monitor,enable,no
SNETBIB139_VLAN_3249_via_1448,path-monitor,failure-condition,any
SNETBIB139_VLAN_3249_via_1448,path-monitor,hold-time,2
SNETBIB139_VLAN_3249_via_1448,interface,ethernet1/22.122,
SNETBIB139_VLAN_3249_via_1448,metric,10,
SNETBIB72_VLAN_55_via_1377,destination,148.192.55.0/24,
SNETBIB140_VLAN_3250_via_1449,nexthop,ip-address,10.160.75.241
SNETBIB140_VLAN_3250_via_1449,bfd,profile,None
SNETBIB140_VLAN_3250_via_1449,path-monitor,enable,no
SNETBIB140_VLAN_3250_via_1449,path-monitor,failure-condition,any
SNETBIB140_VLAN_3250_via_1449,path-monitor,hold-time,2
SNETBIB140_VLAN_3250_via_1449,interface,ethernet1/22.123,
SNETBIB140_VLAN_3250_via_1449,metric,10,
SNETBIB73_VLAN_3186_via_1378,destination,10.167.205.160/27,
SNETBIB140_VLAN_3250_via_1449,route-table,unicast,
SNETBIB141_VLAN_3251_via_1450,nexthop,ip-address,10.160.81.1
SNETBIB141_VLAN_3251_via_1450,bfd,profile,None
SNETBIB141_VLAN_3251_via_1450,path-monitor,enable,no
SNETBIB141_VLAN_3251_via_1450,path-monitor,failure-condition,any
SNETBIB141_VLAN_3251_via_1450,path-monitor,hold-time,2
SNETBIB141_VLAN_3251_via_1450,interface,ethernet1/22.124,
SNETBIB141_VLAN_3251_via_1450,metric,10,
SNETBIB74_VLAN_2049_via_1379,destination,10.164.52.0/25,
SNETBIB142_VLAN_3252_via_1451,nexthop,ip-address,10.160.81.17
SNETBIB142_VLAN_3252_via_1451,bfd,profile,None
SNETBIB142_VLAN_3252_via_1451,path-monitor,enable,no
SNETBIB142_VLAN_3252_via_1451,path-monitor,failure-condition,any
SNETBIB142_VLAN_3252_via_1451,path-monitor,hold-time,2
SNETBIB142_VLAN_3252_via_1451,interface,ethernet1/22.125,
SNETBIB142_VLAN_3252_via_1451,metric,10,
SNETBIB74_VLAN_3502_via_1428,destination,10.164.52.128/27,
SNETBIB142_VLAN_3252_via_1451,route-table,unicast,
SNETBIB143_VLAN_3253_via_1452,nexthop,ip-address,10.160.81.33
SNETBIB143_VLAN_3253_via_1452,bfd,profile,None
SNETBIB143_VLAN_3253_via_1452,path-monitor,enable,no
SNETBIB143_VLAN_3253_via_1452,path-monitor,failure-condition,any
SNETBIB143_VLAN_3253_via_1452,path-monitor,hold-time,2
SNETBIB143_VLAN_3253_via_1452,interface,ethernet1/22.126,
SNETBIB143_VLAN_3253_via_1452,metric,10,
SNETBIB74_VLAN_49_via_1379,destination,148.192.49.0/24,
SNETBIB144_VLAN_3254_via_1453,nexthop,ip-address,10.160.81.49
SNETBIB144_VLAN_3254_via_1453,bfd,profile,None
SNETBIB144_VLAN_3254_via_1453,path-monitor,enable,no
SNETBIB144_VLAN_3254_via_1453,path-monitor,failure-condition,any
SNETBIB144_VLAN_3254_via_1453,path-monitor,hold-time,2
SNETBIB144_VLAN_3254_via_1453,interface,ethernet1/22.127,
SNETBIB144_VLAN_3254_via_1453,metric,10,
SNETBIB75_VLAN_236_via_1380,destination,148.192.236.0/24,
SNETBIB145_VLAN_3255_via_1454,nexthop,ip-address,10.160.81.65
SNETBIB145_VLAN_3255_via_1454,bfd,profile,None
SNETBIB145_VLAN_3255_via_1454,path-monitor,enable,no
SNETBIB145_VLAN_3255_via_1454,path-monitor,failure-condition,any
SNETBIB145_VLAN_3255_via_1454,path-monitor,hold-time,2
SNETBIB145_VLAN_3255_via_1454,interface,ethernet1/22.128,
SNETBIB145_VLAN_3255_via_1454,metric,10,
SNETBIB75_VLAN_237_via_1380,destination,148.192.237.0/24,
SNETBIB146_VLAN_3256_via_1455,nexthop,ip-address,10.160.81.81
SNETBIB146_VLAN_3256_via_1455,bfd,profile,None
SNETBIB146_VLAN_3256_via_1455,path-monitor,enable,no
SNETBIB146_VLAN_3256_via_1455,path-monitor,failure-condition,any
SNETBIB146_VLAN_3256_via_1455,path-monitor,hold-time,2
SNETBIB146_VLAN_3256_via_1455,interface,ethernet1/22.129,
SNETBIB146_VLAN_3256_via_1455,metric,10,
SNETBIB75_VLAN_238_via_1380,destination,148.192.238.0/24,
SNETBIB147_VLAN_3257_via_1456,nexthop,ip-address,10.160.81.97
SNETBIB147_VLAN_3257_via_1456,bfd,profile,None
SNETBIB147_VLAN_3257_via_1456,path-monitor,enable,no
SNETBIB147_VLAN_3257_via_1456,path-monitor,failure-condition,any
SNETBIB147_VLAN_3257_via_1456,path-monitor,hold-time,2
SNETBIB147_VLAN_3257_via_1456,interface,ethernet1/22.130,
SNETBIB147_VLAN_3257_via_1456,metric,10,
SNETBIB75_VLAN3188_via_1380,destination,10.167.206.0/27,
SNETBIB148_VLAN_3258_via_1457,nexthop,ip-address,10.160.81.113
SNETBIB148_VLAN_3258_via_1457,bfd,profile,None
SNETBIB148_VLAN_3258_via_1457,path-monitor,enable,no
SNETBIB148_VLAN_3258_via_1457,path-monitor,failure-condition,any
SNETBIB148_VLAN_3258_via_1457,path-monitor,hold-time,2
SNETBIB148_VLAN_3258_via_1457,interface,ethernet1/22.131,
SNETBIB148_VLAN_3258_via_1457,metric,10,
SNETBIB76_VLAN2914_via_1381,destination,10.167.14.0/24,
SNETBIB149_VLAN_3259_via_1458,nexthop,ip-address,10.160.81.129
SNETBIB149_VLAN_3259_via_1458,bfd,profile,None
SNETBIB149_VLAN_3259_via_1458,path-monitor,enable,no
SNETBIB149_VLAN_3259_via_1458,path-monitor,failure-condition,any
SNETBIB149_VLAN_3259_via_1458,path-monitor,hold-time,2
SNETBIB149_VLAN_3259_via_1458,interface,ethernet1/22.132,
SNETBIB149_VLAN_3259_via_1458,metric,10,
SNETBIB76_VLAN3088_via_1381,destination,10.167.177.128/27,
SNETBIB150_VLAN_3260_via_1459,nexthop,ip-address,10.160.81.145
SNETBIB150_VLAN_3260_via_1459,bfd,profile,None
SNETBIB150_VLAN_3260_via_1459,path-monitor,enable,no
SNETBIB150_VLAN_3260_via_1459,path-monitor,failure-condition,any
SNETBIB150_VLAN_3260_via_1459,path-monitor,hold-time,2
SNETBIB150_VLAN_3260_via_1459,interface,ethernet1/22.133,
SNETBIB150_VLAN_3260_via_1459,metric,10,
SNETBIB76_VLAN3089_via_1381,destination,10.167.177.160/27,
SNETBIB151_VLAN_3261_via_1460,nexthop,ip-address,10.160.81.161
SNETBIB151_VLAN_3261_via_1460,bfd,profile,None
SNETBIB151_VLAN_3261_via_1460,path-monitor,enable,no
SNETBIB151_VLAN_3261_via_1460,path-monitor,failure-condition,any
SNETBIB151_VLAN_3261_via_1460,path-monitor,hold-time,2
SNETBIB151_VLAN_3261_via_1460,interface,ethernet1/22.134,
SNETBIB151_VLAN_3261_via_1460,metric,10,
SNETBIB76_VLAN3090_via_1381,destination,10.167.177.192/27,
SNETBIB152_VLAN_3263_via_1461,nexthop,ip-address,10.160.81.177
SNETBIB152_VLAN_3263_via_1461,bfd,profile,None
SNETBIB152_VLAN_3263_via_1461,path-monitor,enable,no
SNETBIB152_VLAN_3263_via_1461,path-monitor,failure-condition,any
SNETBIB152_VLAN_3263_via_1461,path-monitor,hold-time,2
SNETBIB152_VLAN_3263_via_1461,interface,ethernet1/22.135,
SNETBIB152_VLAN_3263_via_1461,metric,10,
SNETBIB152_VLAN_3263_via_1461,admin-dist,10,
SNETBIB77_VLAN_262_via_1382,destination,148.192.25.224/27,
SNETBIB152_VLAN_3263_via_1461,route-table,unicast,
SNETBIB94_VLAN_3198_via_1462,nexthop,ip-address,10.160.81.193
SNETBIB94_VLAN_3198_via_1462,bfd,profile,None
SNETBIB94_VLAN_3198_via_1462,path-monitor,enable,no
SNETBIB94_VLAN_3198_via_1462,path-monitor,failure-condition,any
SNETBIB94_VLAN_3198_via_1462,path-monitor,hold-time,2
SNETBIB94_VLAN_3198_via_1462,interface,ethernet1/22.136,
SNETBIB94_VLAN_3198_via_1462,metric,10,
SNETBIB94_VLAN_3198_via_1462,admin-dist,10,
SNETBIB79_VLAN_3092_via_1384,destination,10.167.178.0/27,
SNETBIB94_VLAN_3198_via_1462,route-table,unicast,
SNETBIB125_VLAN_3503_via_1433,nexthop,ip-address,10.160.74.129
SNETBIB125_VLAN_3503_via_1433,bfd,profile,None
SNETBIB125_VLAN_3503_via_1433,path-monitor,enable,no
SNETBIB125_VLAN_3503_via_1433,path-monitor,failure-condition,any
SNETBIB125_VLAN_3503_via_1433,path-monitor,hold-time,2
SNETBIB125_VLAN_3503_via_1433,interface,ethernet1/22.108,
SNETBIB125_VLAN_3503_via_1433,metric,10,
SNETBIB125_VLAN_3503_via_1433,admin-dist,10,
SNETBIB80_VLAN_56_via_1385,destination,148.192.56.0/24,
SNETBIB125_VLAN_3503_via_1433,route-table,unicast,
SNETBIB152_VLAN_3264_via_1461,nexthop,ip-address,10.160.81.177
SNETBIB152_VLAN_3264_via_1461,bfd,profile,None
SNETBIB152_VLAN_3264_via_1461,path-monitor,enable,no
SNETBIB152_VLAN_3264_via_1461,path-monitor,failure-condition,any
SNETBIB152_VLAN_3264_via_1461,path-monitor,hold-time,2
SNETBIB152_VLAN_3264_via_1461,interface,ethernet1/22.135,
SNETBIB152_VLAN_3264_via_1461,metric,10,
SNETBIB152_VLAN_3264_via_1461,admin-dist,10,
SNETBIB81_VLAN_3093_via_1387,destination,10.167.179.0/27,
SNETBIB152_VLAN_3264_via_1461,route-table,unicast,
SNETBIB153_VLAN_3264_via_1463,nexthop,ip-address,10.160.81.225
SNETBIB153_VLAN_3264_via_1463,bfd,profile,None
SNETBIB153_VLAN_3264_via_1463,path-monitor,enable,no
SNETBIB153_VLAN_3264_via_1463,path-monitor,failure-condition,any
SNETBIB153_VLAN_3264_via_1463,path-monitor,hold-time,2
SNETBIB153_VLAN_3264_via_1463,interface,ethernet1/22.137,
SNETBIB153_VLAN_3264_via_1463,metric,10,
SNETBIB81_VLAN_3094_via_1387,destination,10.167.179.32/27,
SNETBIB154_VLAN_3265_via_1464,nexthop,ip-address,10.160.81.241
SNETBIB154_VLAN_3265_via_1464,bfd,profile,None
SNETBIB154_VLAN_3265_via_1464,path-monitor,enable,no
SNETBIB154_VLAN_3265_via_1464,path-monitor,failure-condition,any
SNETBIB154_VLAN_3265_via_1464,path-monitor,hold-time,2
SNETBIB154_VLAN_3265_via_1464,interface,ethernet1/22.138,
SNETBIB154_VLAN_3265_via_1464,metric,10,
SNETBIB81_VLAN_3095_via_1387,destination,10.167.179.64/27,
SNETBIB159_VLAN_3270_via_1469,nexthop,ip-address,10.160.82.65
SNETBIB159_VLAN_3270_via_1469,bfd,profile,None
SNETBIB159_VLAN_3270_via_1469,path-monitor,enable,no
SNETBIB159_VLAN_3270_via_1469,path-monitor,failure-condition,any
SNETBIB159_VLAN_3270_via_1469,path-monitor,hold-time,2
SNETBIB159_VLAN_3270_via_1469,interface,ethernet1/22.143,
SNETBIB159_VLAN_3270_via_1469,metric,10,
SNETBIB82_VLAN3189_via_1388,destination,10.167.220.0/24,
SNETBIB155_VLAN_68_via_1465,nexthop,ip-address,10.160.82.1
SNETBIB155_VLAN_68_via_1465,bfd,profile,None
SNETBIB155_VLAN_68_via_1465,path-monitor,enable,no
SNETBIB155_VLAN_68_via_1465,path-monitor,failure-condition,any
SNETBIB155_VLAN_68_via_1465,path-monitor,hold-time,2
SNETBIB155_VLAN_68_via_1465,interface,ethernet1/22.139,
SNETBIB155_VLAN_68_via_1465,metric,10,
SNETBIB83_VLAN_3277_via_1389,destination,10.164.56.128/25,
SNETBIB155_VLAN_68_via_1465,route-table,unicast,
SNETBIB156_VLAN_57_via_1466,nexthop,ip-address,10.160.82.17
SNETBIB156_VLAN_57_via_1466,bfd,profile,None
SNETBIB156_VLAN_57_via_1466,path-monitor,enable,no
SNETBIB156_VLAN_57_via_1466,path-monitor,failure-condition,any
SNETBIB156_VLAN_57_via_1466,path-monitor,hold-time,2
SNETBIB156_VLAN_57_via_1466,interface,ethernet1/22.140,
SNETBIB156_VLAN_57_via_1466,metric,10,
SNETBIB83_VLAN253_via_1389,destination,148.192.253.0/24,
SNETBIB156_VLAN_57_via_1466,route-table,unicast,
SNETBIB157_VLAN_176_via_1467,nexthop,ip-address,10.160.82.33
SNETBIB157_VLAN_176_via_1467,bfd,profile,None
SNETBIB157_VLAN_176_via_1467,path-monitor,enable,no
SNETBIB157_VLAN_176_via_1467,path-monitor,failure-condition,any
SNETBIB157_VLAN_176_via_1467,path-monitor,hold-time,2
SNETBIB157_VLAN_176_via_1467,interface,ethernet1/22.141,
SNETBIB157_VLAN_176_via_1467,metric,10,
SNETBIB83_VLAN2921_via_1389,destination,10.167.221.0/26,
SNETBIB157_VLAN_176_via_1467,route-table,unicast,
SNETBIB158_VLAN_27_via_1468,nexthop,ip-address,10.160.82.49
SNETBIB158_VLAN_27_via_1468,bfd,profile,None
SNETBIB158_VLAN_27_via_1468,path-monitor,enable,no
SNETBIB158_VLAN_27_via_1468,path-monitor,failure-condition,any
SNETBIB158_VLAN_27_via_1468,path-monitor,hold-time,2
SNETBIB158_VLAN_27_via_1468,interface,ethernet1/22.142,
SNETBIB158_VLAN_27_via_1468,metric,10,
SNETBIB84_VLAN_258_via_1217,destination,148.192.25.96/27,
SNETBIB158_VLAN_27_via_1468,route-table,unicast,
SNETBIB160_VLAN_3271_via_1470,nexthop,ip-address,10.160.82.81
SNETBIB160_VLAN_3271_via_1470,bfd,profile,None
SNETBIB160_VLAN_3271_via_1470,path-monitor,enable,no
SNETBIB160_VLAN_3271_via_1470,path-monitor,failure-condition,any
SNETBIB160_VLAN_3271_via_1470,path-monitor,hold-time,2
SNETBIB160_VLAN_3271_via_1470,interface,ethernet1/22.144,
SNETBIB160_VLAN_3271_via_1470,metric,10,
SNETBIB160_VLAN_3271_via_1470,admin-dist,10,
SNETBIB85_VLAN3190_via_1390,destination,10.167.219.0/24,
SNETBIB160_VLAN_3271_via_1470,route-table,unicast,
SNETBIB161_VLAN_3272_via_1471,nexthop,ip-address,10.160.82.97
SNETBIB161_VLAN_3272_via_1471,bfd,profile,None
SNETBIB161_VLAN_3272_via_1471,path-monitor,enable,no
SNETBIB161_VLAN_3272_via_1471,path-monitor,failure-condition,any
SNETBIB161_VLAN_3272_via_1471,path-monitor,hold-time,2
SNETBIB161_VLAN_3272_via_1471,interface,ethernet1/22.145,
SNETBIB161_VLAN_3272_via_1471,metric,10,
SNETBIB161_VLAN_3272_via_1471,admin-dist,10,
SNETBIB87_VLAN_3191_via_1392,destination,10.160.48.0/25,
SNETBIB161_VLAN_3272_via_1471,route-table,unicast,
SNETBIB162_VLAN_3273_via_1472,nexthop,ip-address,10.160.82.113
SNETBIB162_VLAN_3273_via_1472,bfd,profile,None
SNETBIB162_VLAN_3273_via_1472,path-monitor,enable,no
SNETBIB162_VLAN_3273_via_1472,path-monitor,failure-condition,any
SNETBIB162_VLAN_3273_via_1472,path-monitor,hold-time,2
SNETBIB162_VLAN_3273_via_1472,interface,ethernet1/22.146,
SNETBIB162_VLAN_3273_via_1472,metric,10,
SNETBIB162_VLAN_3273_via_1472,admin-dist,10,
SNETBIB88_VLAN_3192_via_1393,destination,10.160.48.128/25,
SNETBIB162_VLAN_3273_via_1472,route-table,unicast,
SNETBIB111_VLAN_3274_via_1418,nexthop,ip-address,10.160.63.161
SNETBIB111_VLAN_3274_via_1418,bfd,profile,None
SNETBIB111_VLAN_3274_via_1418,path-monitor,enable,no
SNETBIB111_VLAN_3274_via_1418,path-monitor,failure-condition,any
SNETBIB111_VLAN_3274_via_1418,path-monitor,hold-time,2
SNETBIB111_VLAN_3274_via_1418,interface,ethernet1/22.89,
SNETBIB111_VLAN_3274_via_1418,metric,10,
SNETBIB111_VLAN_3274_via_1418,admin-dist,10,
SNETBIB89_VLAN_3193_via_1394,destination,10.160.49.0/25,
SNETBIB111_VLAN_3274_via_1418,route-table,unicast,
SNETBIB159_VLAN_3504_via_1469,nexthop,ip-address,10.160.82.65
SNETBIB159_VLAN_3504_via_1469,bfd,profile,None
SNETBIB159_VLAN_3504_via_1469,path-monitor,enable,no
SNETBIB159_VLAN_3504_via_1469,path-monitor,failure-condition,any
SNETBIB159_VLAN_3504_via_1469,path-monitor,hold-time,2
SNETBIB159_VLAN_3504_via_1469,interface,ethernet1/22.143,
SNETBIB159_VLAN_3504_via_1469,metric,10,
SNETBIB90_VLAN_3194_via_1395,destination,10.160.49.128/25,
SNETBIB159_VLAN_3504_via_1469,route-table,unicast,
SNETBIB115_VLAN_3233_via_1422,nexthop,ip-address,10.160.63.241
SNETBIB115_VLAN_3233_via_1422,bfd,profile,None
SNETBIB115_VLAN_3233_via_1422,path-monitor,enable,no
SNETBIB115_VLAN_3233_via_1422,path-monitor,failure-condition,any
SNETBIB115_VLAN_3233_via_1422,path-monitor,hold-time,2
SNETBIB115_VLAN_3233_via_1422,interface,ethernet1/22.98,
SNETBIB115_VLAN_3233_via_1422,metric,10,
SNETBIB115_VLAN_3233_via_1422,admin-dist,10,
SNETBIB91_VLAN_3195_via_1396,destination,10.160.64.0/25,
SNETBIB115_VLAN_3233_via_1422,route-table,unicast,
SNETBIB163_VLAN_3275_via_1473,nexthop,ip-address,10.160.82.129
SNETBIB163_VLAN_3275_via_1473,bfd,profile,None
SNETBIB163_VLAN_3275_via_1473,path-monitor,enable,no
SNETBIB163_VLAN_3275_via_1473,path-monitor,failure-condition,any
SNETBIB163_VLAN_3275_via_1473,path-monitor,hold-time,2
SNETBIB163_VLAN_3275_via_1473,interface,ethernet1/22.147,
SNETBIB163_VLAN_3275_via_1473,metric,10,
SNETBIB163_VLAN_3275_via_1473,admin-dist,10,
SNETBIB92_VLAN_3196_via_1397,destination,10.160.64.128/25,
SNETBIB163_VLAN_3275_via_1473,route-table,unicast,
SNETBIB166_VLAN_3283_via_1476,nexthop,ip-address,10.160.82.177
SNETBIB166_VLAN_3283_via_1476,bfd,profile,None
SNETBIB166_VLAN_3283_via_1476,path-monitor,enable,no
SNETBIB166_VLAN_3283_via_1476,path-monitor,failure-condition,any
SNETBIB166_VLAN_3283_via_1476,path-monitor,hold-time,2
SNETBIB166_VLAN_3283_via_1476,interface,ethernet1/22.150,
SNETBIB166_VLAN_3283_via_1476,metric,10,
SNETBIB166_VLAN_3283_via_1476,admin-dist,10,
SNETBIB93_VLAN_3197_via_1398,destination,10.160.65.0/25,
SNETBIB166_VLAN_3283_via_1476,route-table,unicast,
SNETBIB10_VLAN_3145_via_1189,nexthop,ip-address,10.160.57.17
SNETBIB10_VLAN_3145_via_1189,bfd,profile,None
SNETBIB10_VLAN_3145_via_1189,path-monitor,enable,no
SNETBIB10_VLAN_3145_via_1189,path-monitor,failure-condition,any
SNETBIB10_VLAN_3145_via_1189,path-monitor,hold-time,2
SNETBIB10_VLAN_3145_via_1189,interface,ethernet1/22.1,
SNETBIB10_VLAN_3145_via_1189,metric,10,
SNETBIB94_VLAN_3198_via_1462,destination,10.160.65.128/25,
SNETBIB10_VLAN_3145_via_1189,route-table,unicast,
SNETBIB164_VLAN_3276_via_1474,nexthop,ip-address,10.160.82.145
SNETBIB164_VLAN_3276_via_1474,bfd,profile,None
SNETBIB164_VLAN_3276_via_1474,path-monitor,enable,no
SNETBIB164_VLAN_3276_via_1474,path-monitor,failure-condition,any
SNETBIB164_VLAN_3276_via_1474,path-monitor,hold-time,2
SNETBIB164_VLAN_3276_via_1474,interface,ethernet1/22.148,
SNETBIB164_VLAN_3276_via_1474,metric,10,
SNETBIB164_VLAN_3276_via_1474,admin-dist,10,
SNETBIB95_VLAN_3199_via_1400,destination,10.160.66.0/25,
SNETBIB164_VLAN_3276_via_1474,route-table,unicast,
SNETBIB83_VLAN_3277_via_1389,nexthop,ip-address,10.160.61.241
SNETBIB83_VLAN_3277_via_1389,bfd,profile,None
SNETBIB83_VLAN_3277_via_1389,path-monitor,enable,no
SNETBIB83_VLAN_3277_via_1389,path-monitor,failure-condition,any
SNETBIB83_VLAN_3277_via_1389,path-monitor,hold-time,2
SNETBIB83_VLAN_3277_via_1389,interface,ethernet1/22.66,
SNETBIB83_VLAN_3277_via_1389,metric,10,
SNETBIB83_VLAN_3277_via_1389,admin-dist,10,
SNETBIB96_VLAN_3200_via_1401,destination,10.160.66.128/25,
SNETBIB83_VLAN_3277_via_1389,route-table,unicast,
SNETBIB165_VLAN_3278_via_1475,path-monitor,enable,no
SNETBIB165_VLAN_3278_via_1475,path-monitor,failure-condition,any
SNETBIB165_VLAN_3278_via_1475,path-monitor,hold-time,2
SNETBIB165_VLAN_3278_via_1475,nexthop,ip-address,10.160.82.193
SNETBIB165_VLAN_3278_via_1475,bfd,profile,None
SNETBIB165_VLAN_3278_via_1475,interface,ethernet1/22.149,
SNETBIB165_VLAN_3278_via_1475,metric,10,
SNETBIB165_VLAN_3278_via_1475,admin-dist,10,
SNETBIB97_VLAN_3201_via_1402,destination,10.160.67.0/24,
SNETBIB165_VLAN_3278_via_1475,route-table,unicast,
SNETBIB165_VLAN_3279_via_1475,path-monitor,enable,no
SNETBIB165_VLAN_3279_via_1475,path-monitor,failure-condition,any
SNETBIB165_VLAN_3279_via_1475,path-monitor,hold-time,2
SNETBIB165_VLAN_3279_via_1475,nexthop,ip-address,10.160.82.193
SNETBIB165_VLAN_3279_via_1475,bfd,profile,None
SNETBIB165_VLAN_3279_via_1475,interface,ethernet1/22.149,
SNETBIB165_VLAN_3279_via_1475,metric,10,
SNETBIB165_VLAN_3279_via_1475,admin-dist,10,
SNETBIB98_VLAN_3221_via_1403,destination,10.167.221.128/26,
SNETBIB165_VLAN_3279_via_1475,route-table,unicast,
